cohort,period,retention,customers,cohort_size
2011-01,0,1.0,36,36
2011-01,1,0.027777777777777776,1,36
2011-01,2,0.027777777777777776,1,36
2011-01,3,0.0,0,36
2011-01,4,0.05555555555555555,2,36
2011-01,5,0.0,0,36
2011-01,6,0.08333333333333333,3,36
2011-01,7,0.0,0,36
2011-01,8,0.027777777777777776,1,36
2011-01,9,0.0,0,36
2011-01,10,0.0,0,36
2011-01,11,0.0,0,36
2011-01,12,0.05555555555555555,2,36
2011-01,13,0.05555555555555555,2,36
2011-01,14,0.08333333333333333,3,36
2011-01,15,0.0,0,36
2011-01,16,0.05555555555555555,2,36
2011-01,17,0.05555555555555555,2,36
2011-01,18,0.027777777777777776,1,36
2011-01,19,0.05555555555555555,2,36
2011-01,20,0.027777777777777776,1,36
2011-01,21,0.0,0,36
2011-01,22,0.027777777777777776,1,36
2011-01,23,0.08333333333333333,3,36
2011-01,24,0.027777777777777776,1,36
2011-01,25,0.0,0,36
2011-01,26,0.05555555555555555,2,36
2011-01,27,0.0,0,36
2011-01,28,0.05555555555555555,2,36
2011-01,29,0.05555555555555555,2,36
2011-01,30,0.05555555555555555,2,36
2011-01,31,0.05555555555555555,2,36
2011-01,32,0.08333333333333333,3,36
2011-01,33,0.0,0,36
2011-01,34,0.05555555555555555,2,36
2011-01,35,0.0,0,36
2011-01,36,0.1388888888888889,5,36
2011-01,37,0.027777777777777776,1,36
2011-01,38,0.1111111111111111,4,36
2011-01,39,0.16666666666666666,6,36
2011-01,40,0.027777777777777776,1,36
2011-01,41,0.08333333333333333,3,36
2011-01,42,0.027777777777777776,1,36
2011-01,43,0.05555555555555555,2,36
2011-01,44,0.05555555555555555,2,36
2011-01,45,0.08333333333333333,3,36
2011-01,46,0.05555555555555555,2,36
2011-01,47,0.05555555555555555,2,36
2011-02,0,1.0,31,31
2011-02,1,0.06451612903225806,2,31
2011-02,2,0.0967741935483871,3,31
2011-02,3,0.0,0,31
2011-02,4,0.06451612903225806,2,31
2011-02,5,0.03225806451612903,1,31
2011-02,6,0.0,0,31
2011-02,7,0.06451612903225806,2,31
2011-02,8,0.06451612903225806,2,31
2011-02,9,0.03225806451612903,1,31
2011-02,10,0.06451612903225806,2,31
2011-02,11,0.03225806451612903,1,31
2011-02,12,0.0,0,31
2011-02,13,0.06451612903225806,2,31
2011-02,14,0.06451612903225806,2,31
2011-02,15,0.0967741935483871,3,31
2011-02,16,0.03225806451612903,1,31
2011-02,17,0.06451612903225806,2,31
2011-02,18,0.06451612903225806,2,31
2011-02,19,0.03225806451612903,1,31
2011-02,20,0.1935483870967742,6,31
2011-02,21,0.03225806451612903,1,31
2011-02,22,0.03225806451612903,1,31
2011-02,23,0.03225806451612903,1,31
2011-02,24,0.06451612903225806,2,31
2011-02,25,0.0,0,31
2011-02,26,0.0967741935483871,3,31
2011-02,27,0.06451612903225806,2,31
2011-02,28,0.03225806451612903,1,31
2011-02,29,0.03225806451612903,1,31
2011-02,30,0.03225806451612903,1,31
2011-02,31,0.06451612903225806,2,31
2011-02,32,0.0,0,31
2011-02,33,0.06451612903225806,2,31
2011-02,34,0.06451612903225806,2,31
2011-02,35,0.03225806451612903,1,31
2011-02,36,0.03225806451612903,1,31
2011-02,37,0.0967741935483871,3,31
2011-02,38,0.16129032258064516,5,31
2011-02,39,0.06451612903225806,2,31
2011-02,40,0.06451612903225806,2,31
2011-02,41,0.0967741935483871,3,31
2011-02,42,0.12903225806451613,4,31
2011-02,43,0.03225806451612903,1,31
2011-02,44,0.03225806451612903,1,31
2011-02,45,0.03225806451612903,1,31
2011-02,46,0.0967741935483871,3,31
2011-02,47,0.0,0,31
2011-03,0,1.0,30,30
2011-03,1,0.06666666666666667,2,30
2011-03,2,0.03333333333333333,1,30
2011-03,3,0.03333333333333333,1,30
2011-03,4,0.06666666666666667,2,30
2011-03,5,0.03333333333333333,1,30
2011-03,6,0.03333333333333333,1,30
2011-03,7,0.0,0,30
2011-03,8,0.0,0,30
2011-03,9,0.03333333333333333,1,30
2011-03,10,0.06666666666666667,2,30
2011-03,11,0.0,0,30
2011-03,12,0.03333333333333333,1,30
2011-03,13,0.03333333333333333,1,30
2011-03,14,0.03333333333333333,1,30
2011-03,15,0.03333333333333333,1,30
2011-03,16,0.0,0,30
2011-03,17,0.0,0,30
2011-03,18,0.03333333333333333,1,30
2011-03,19,0.0,0,30
2011-03,20,0.03333333333333333,1,30
2011-03,21,0.0,0,30
2011-03,22,0.06666666666666667,2,30
2011-03,23,0.06666666666666667,2,30
2011-03,24,0.0,0,30
2011-03,25,0.0,0,30
2011-03,26,0.0,0,30
2011-03,27,0.06666666666666667,2,30
2011-03,28,0.06666666666666667,2,30
2011-03,29,0.03333333333333333,1,30
2011-03,30,0.06666666666666667,2,30
2011-03,31,0.1,3,30
2011-03,32,0.06666666666666667,2,30
2011-03,33,0.03333333333333333,1,30
2011-03,34,0.13333333333333333,4,30
2011-03,35,0.06666666666666667,2,30
2011-03,36,0.06666666666666667,2,30
2011-03,37,0.06666666666666667,2,30
2011-03,38,0.06666666666666667,2,30
2011-03,39,0.03333333333333333,1,30
2011-03,40,0.06666666666666667,2,30
2011-03,41,0.1,3,30
2011-03,42,0.06666666666666667,2,30
2011-03,43,0.03333333333333333,1,30
2011-03,44,0.06666666666666667,2,30
2011-03,45,0.0,0,30
2011-03,46,0.0,0,30
2011-03,47,0.0,0,30
2011-04,0,1.0,23,23
2011-04,1,0.0,0,23
2011-04,2,0.043478260869565216,1,23
2011-04,3,0.08695652173913043,2,23
2011-04,4,0.043478260869565216,1,23
2011-04,5,0.08695652173913043,2,23
2011-04,6,0.0,0,23
2011-04,7,0.043478260869565216,1,23
2011-04,8,0.08695652173913043,2,23
2011-04,9,0.08695652173913043,2,23
2011-04,10,0.0,0,23
2011-04,11,0.13043478260869565,3,23
2011-04,12,0.08695652173913043,2,23
2011-04,13,0.043478260869565216,1,23
2011-04,14,0.0,0,23
2011-04,15,0.043478260869565216,1,23
2011-04,16,0.0,0,23
2011-04,17,0.0,0,23
2011-04,18,0.08695652173913043,2,23
2011-04,19,0.0,0,23
2011-04,20,0.08695652173913043,2,23
2011-04,21,0.0,0,23
2011-04,22,0.043478260869565216,1,23
2011-04,23,0.043478260869565216,1,23
2011-04,24,0.08695652173913043,2,23
2011-04,25,0.0,0,23
2011-04,26,0.043478260869565216,1,23
2011-04,27,0.0,0,23
2011-04,28,0.043478260869565216,1,23
2011-04,29,0.08695652173913043,2,23
2011-04,30,0.08695652173913043,2,23
2011-04,31,0.08695652173913043,2,23
2011-04,32,0.08695652173913043,2,23
2011-04,33,0.0,0,23
2011-04,34,0.0,0,23
2011-04,35,0.0,0,23
2011-04,36,0.043478260869565216,1,23
2011-04,37,0.17391304347826086,4,23
2011-04,38,0.0,0,23
2011-04,39,0.0,0,23
2011-04,40,0.0,0,23
2011-04,41,0.08695652173913043,2,23
2011-04,42,0.13043478260869565,3,23
2011-04,43,0.08695652173913043,2,23
2011-04,44,0.13043478260869565,3,23
2011-04,45,0.0,0,23
2011-04,46,0.0,0,23
2011-04,47,0.0,0,23
2011-05,0,1.0,35,35
2011-05,1,0.02857142857142857,1,35
2011-05,2,0.02857142857142857,1,35
2011-05,3,0.08571428571428572,3,35
2011-05,4,0.0,0,35
2011-05,5,0.02857142857142857,1,35
2011-05,6,0.0,0,35
2011-05,7,0.02857142857142857,1,35
2011-05,8,0.0,0,35
2011-05,9,0.02857142857142857,1,35
2011-05,10,0.0,0,35
2011-05,11,0.0,0,35
2011-05,12,0.05714285714285714,2,35
2011-05,13,0.02857142857142857,1,35
2011-05,14,0.02857142857142857,1,35
2011-05,15,0.0,0,35
2011-05,16,0.02857142857142857,1,35
2011-05,17,0.08571428571428572,3,35
2011-05,18,0.05714285714285714,2,35
2011-05,19,0.05714285714285714,2,35
2011-05,20,0.0,0,35
2011-05,21,0.02857142857142857,1,35
2011-05,22,0.08571428571428572,3,35
2011-05,23,0.05714285714285714,2,35
2011-05,24,0.05714285714285714,2,35
2011-05,25,0.08571428571428572,3,35
2011-05,26,0.02857142857142857,1,35
2011-05,27,0.05714285714285714,2,35
2011-05,28,0.0,0,35
2011-05,29,0.08571428571428572,3,35
2011-05,30,0.02857142857142857,1,35
2011-05,31,0.05714285714285714,2,35
2011-05,32,0.05714285714285714,2,35
2011-05,33,0.02857142857142857,1,35
2011-05,34,0.05714285714285714,2,35
2011-05,35,0.02857142857142857,1,35
2011-05,36,0.11428571428571428,4,35
2011-05,37,0.02857142857142857,1,35
2011-05,38,0.05714285714285714,2,35
2011-05,39,0.08571428571428572,3,35
2011-05,40,0.08571428571428572,3,35
2011-05,41,0.0,0,35
2011-05,42,0.08571428571428572,3,35
2011-05,43,0.02857142857142857,1,35
2011-05,44,0.0,0,35
2011-05,45,0.0,0,35
2011-05,46,0.0,0,35
2011-05,47,0.0,0,35
2011-06,0,1.0,22,22
2011-06,1,0.045454545454545456,1,22
2011-06,2,0.0,0,22
2011-06,3,0.045454545454545456,1,22
2011-06,4,0.045454545454545456,1,22
2011-06,5,0.0,0,22
2011-06,6,0.045454545454545456,1,22
2011-06,7,0.0,0,22
2011-06,8,0.0,0,22
2011-06,9,0.045454545454545456,1,22
2011-06,10,0.0,0,22
2011-06,11,0.18181818181818182,4,22
2011-06,12,0.0,0,22
2011-06,13,0.0,0,22
2011-06,14,0.0,0,22
2011-06,15,0.0,0,22
2011-06,16,0.0,0,22
2011-06,17,0.0,0,22
2011-06,18,0.045454545454545456,1,22
2011-06,19,0.0,0,22
2011-06,20,0.045454545454545456,1,22
2011-06,21,0.0,0,22
2011-06,22,0.045454545454545456,1,22
2011-06,23,0.09090909090909091,2,22
2011-06,24,0.045454545454545456,1,22
2011-06,25,0.0,0,22
2011-06,26,0.0,0,22
2011-06,27,0.045454545454545456,1,22
2011-06,28,0.045454545454545456,1,22
2011-06,29,0.0,0,22
2011-06,30,0.18181818181818182,4,22
2011-06,31,0.18181818181818182,4,22
2011-06,32,0.0,0,22
2011-06,33,0.13636363636363635,3,22
2011-06,34,0.13636363636363635,3,22
2011-06,35,0.045454545454545456,1,22
2011-06,36,0.0,0,22
2011-06,37,0.09090909090909091,2,22
2011-06,38,0.045454545454545456,1,22
2011-06,39,0.09090909090909091,2,22
2011-06,40,0.09090909090909091,2,22
2011-06,41,0.045454545454545456,1,22
2011-06,42,0.13636363636363635,3,22
2011-06,43,0.0,0,22
2011-06,44,0.0,0,22
2011-06,45,0.0,0,22
2011-06,46,0.0,0,22
2011-06,47,0.0,0,22
2011-07,0,1.0,23,23
2011-07,1,0.0,0,23
2011-07,2,0.17391304347826086,4,23
2011-07,3,0.043478260869565216,1,23
2011-07,4,0.0,0,23
2011-07,5,0.0,0,23
2011-07,6,0.08695652173913043,2,23
2011-07,7,0.043478260869565216,1,23
2011-07,8,0.0,0,23
2011-07,9,0.043478260869565216,1,23
2011-07,10,0.043478260869565216,1,23
2011-07,11,0.08695652173913043,2,23
2011-07,12,0.043478260869565216,1,23
2011-07,13,0.0,0,23
2011-07,14,0.0,0,23
2011-07,15,0.0,0,23
2011-07,16,0.043478260869565216,1,23
2011-07,17,0.043478260869565216,1,23
2011-07,18,0.043478260869565216,1,23
2011-07,19,0.043478260869565216,1,23
2011-07,20,0.08695652173913043,2,23
2011-07,21,0.043478260869565216,1,23
2011-07,22,0.13043478260869565,3,23
2011-07,23,0.043478260869565216,1,23
2011-07,24,0.08695652173913043,2,23
2011-07,25,0.0,0,23
2011-07,26,0.08695652173913043,2,23
2011-07,27,0.043478260869565216,1,23
2011-07,28,0.08695652173913043,2,23
2011-07,29,0.0,0,23
2011-07,30,0.08695652173913043,2,23
2011-07,31,0.08695652173913043,2,23
2011-07,32,0.043478260869565216,1,23
2011-07,33,0.08695652173913043,2,23
2011-07,34,0.08695652173913043,2,23
2011-07,35,0.0,0,23
2011-07,36,0.043478260869565216,1,23
2011-07,37,0.043478260869565216,1,23
2011-07,38,0.043478260869565216,1,23
2011-07,39,0.08695652173913043,2,23
2011-07,40,0.13043478260869565,3,23
2011-07,41,0.08695652173913043,2,23
2011-07,42,0.0,0,23
2011-07,43,0.0,0,23
2011-07,44,0.0,0,23
2011-07,45,0.0,0,23
2011-07,46,0.0,0,23
2011-07,47,0.0,0,23
2011-08,0,1.0,32,32
2011-08,1,0.03125,1,32
2011-08,2,0.03125,1,32
2011-08,3,0.03125,1,32
2011-08,4,0.0625,2,32
2011-08,5,0.0625,2,32
2011-08,6,0.03125,1,32
2011-08,7,0.0625,2,32
2011-08,8,0.0625,2,32
2011-08,9,0.09375,3,32
2011-08,10,0.09375,3,32
2011-08,11,0.0625,2,32
2011-08,12,0.0625,2,32
2011-08,13,0.0625,2,32
2011-08,14,0.09375,3,32
2011-08,15,0.0,0,32
2011-08,16,0.03125,1,32
2011-08,17,0.0625,2,32
2011-08,18,0.0625,2,32
2011-08,19,0.125,4,32
2011-08,20,0.03125,1,32
2011-08,21,0.15625,5,32
2011-08,22,0.0,0,32
2011-08,23,0.03125,1,32
2011-08,24,0.09375,3,32
2011-08,25,0.03125,1,32
2011-08,26,0.0,0,32
2011-08,27,0.0625,2,32
2011-08,28,0.09375,3,32
2011-08,29,0.0,0,32
2011-08,30,0.0,0,32
2011-08,31,0.03125,1,32
2011-08,32,0.03125,1,32
2011-08,33,0.0625,2,32
2011-08,34,0.09375,3,32
2011-08,35,0.0,0,32
2011-08,36,0.0625,2,32
2011-08,37,0.09375,3,32
2011-08,38,0.09375,3,32
2011-08,39,0.0,0,32
2011-08,40,0.03125,1,32
2011-08,41,0.0,0,32
2011-08,42,0.0,0,32
2011-08,43,0.0,0,32
2011-08,44,0.0,0,32
2011-08,45,0.0,0,32
2011-08,46,0.0,0,32
2011-08,47,0.0,0,32
2011-09,0,1.0,19,19
2011-09,1,0.0,0,19
2011-09,2,0.05263157894736842,1,19
2011-09,3,0.0,0,19
2011-09,4,0.05263157894736842,1,19
2011-09,5,0.05263157894736842,1,19
2011-09,6,0.10526315789473684,2,19
2011-09,7,0.05263157894736842,1,19
2011-09,8,0.05263157894736842,1,19
2011-09,9,0.0,0,19
2011-09,10,0.0,0,19
2011-09,11,0.10526315789473684,2,19
2011-09,12,0.05263157894736842,1,19
2011-09,13,0.05263157894736842,1,19
2011-09,14,0.0,0,19
2011-09,15,0.0,0,19
2011-09,16,0.05263157894736842,1,19
2011-09,17,0.15789473684210525,3,19
2011-09,18,0.0,0,19
2011-09,19,0.05263157894736842,1,19
2011-09,20,0.10526315789473684,2,19
2011-09,21,0.05263157894736842,1,19
2011-09,22,0.05263157894736842,1,19
2011-09,23,0.0,0,19
2011-09,24,0.10526315789473684,2,19
2011-09,25,0.05263157894736842,1,19
2011-09,26,0.05263157894736842,1,19
2011-09,27,0.0,0,19
2011-09,28,0.0,0,19
2011-09,29,0.10526315789473684,2,19
2011-09,30,0.0,0,19
2011-09,31,0.0,0,19
2011-09,32,0.05263157894736842,1,19
2011-09,33,0.0,0,19
2011-09,34,0.0,0,19
2011-09,35,0.15789473684210525,3,19
2011-09,36,0.15789473684210525,3,19
2011-09,37,0.10526315789473684,2,19
2011-09,38,0.0,0,19
2011-09,39,0.05263157894736842,1,19
2011-09,40,0.0,0,19
2011-09,41,0.0,0,19
2011-09,42,0.0,0,19
2011-09,43,0.0,0,19
2011-09,44,0.0,0,19
2011-09,45,0.0,0,19
2011-09,46,0.0,0,19
2011-09,47,0.0,0,19
2011-10,0,1.0,13,13
2011-10,1,0.15384615384615385,2,13
2011-10,2,0.07692307692307693,1,13
2011-10,3,0.0,0,13
2011-10,4,0.07692307692307693,1,13
2011-10,5,0.0,0,13
2011-10,6,0.0,0,13
2011-10,7,0.07692307692307693,1,13
2011-10,8,0.0,0,13
2011-10,9,0.15384615384615385,2,13
2011-10,10,0.07692307692307693,1,13
2011-10,11,0.0,0,13
2011-10,12,0.0,0,13
2011-10,13,0.0,0,13
2011-10,14,0.0,0,13
2011-10,15,0.07692307692307693,1,13
2011-10,16,0.07692307692307693,1,13
2011-10,17,0.0,0,13
2011-10,18,0.0,0,13
2011-10,19,0.15384615384615385,2,13
2011-10,20,0.0,0,13
2011-10,21,0.0,0,13
2011-10,22,0.0,0,13
2011-10,23,0.0,0,13
2011-10,24,0.07692307692307693,1,13
2011-10,25,0.3076923076923077,4,13
2011-10,26,0.0,0,13
2011-10,27,0.15384615384615385,2,13
2011-10,28,0.3076923076923077,4,13
2011-10,29,0.0,0,13
2011-10,30,0.07692307692307693,1,13
2011-10,31,0.0,0,13
2011-10,32,0.15384615384615385,2,13
2011-10,33,0.07692307692307693,1,13
2011-10,34,0.0,0,13
2011-10,35,0.0,0,13
2011-10,36,0.07692307692307693,1,13
2011-10,37,0.0,0,13
2011-10,38,0.15384615384615385,2,13
2011-10,39,0.0,0,13
2011-10,40,0.0,0,13
2011-10,41,0.0,0,13
2011-10,42,0.0,0,13
2011-10,43,0.0,0,13
2011-10,44,0.0,0,13
2011-10,45,0.0,0,13
2011-10,46,0.0,0,13
2011-10,47,0.0,0,13
2011-11,0,1.0,29,29
2011-11,1,0.0,0,29
2011-11,2,0.0,0,29
2011-11,3,0.06896551724137931,2,29
2011-11,4,0.0,0,29
2011-11,5,0.06896551724137931,2,29
2011-11,6,0.06896551724137931,2,29
2011-11,7,0.06896551724137931,2,29
2011-11,8,0.06896551724137931,2,29
2011-11,9,0.034482758620689655,1,29
2011-11,10,0.10344827586206896,3,29
2011-11,11,0.0,0,29
2011-11,12,0.034482758620689655,1,29
2011-11,13,0.10344827586206896,3,29
2011-11,14,0.034482758620689655,1,29
2011-11,15,0.10344827586206896,3,29
2011-11,16,0.034482758620689655,1,29
2011-11,17,0.06896551724137931,2,29
2011-11,18,0.06896551724137931,2,29
2011-11,19,0.13793103448275862,4,29
2011-11,20,0.0,0,29
2011-11,21,0.06896551724137931,2,29
2011-11,22,0.13793103448275862,4,29
2011-11,23,0.034482758620689655,1,29
2011-11,24,0.10344827586206896,3,29
2011-11,25,0.06896551724137931,2,29
2011-11,26,0.0,0,29
2011-11,27,0.0,0,29
2011-11,28,0.10344827586206896,3,29
2011-11,29,0.06896551724137931,2,29
2011-11,30,0.034482758620689655,1,29
2011-11,31,0.034482758620689655,1,29
2011-11,32,0.13793103448275862,4,29
2011-11,33,0.13793103448275862,4,29
2011-11,34,0.10344827586206896,3,29
2011-11,35,0.034482758620689655,1,29
2011-11,36,0.06896551724137931,2,29
2011-11,37,0.10344827586206896,3,29
2011-11,38,0.0,0,29
2011-11,39,0.0,0,29
2011-11,40,0.0,0,29
2011-11,41,0.0,0,29
2011-11,42,0.0,0,29
2011-11,43,0.0,0,29
2011-11,44,0.0,0,29
2011-11,45,0.0,0,29
2011-11,46,0.0,0,29
2011-11,47,0.0,0,29
2011-12,0,1.0,25,25
2011-12,1,0.04,1,25
2011-12,2,0.0,0,25
2011-12,3,0.0,0,25
2011-12,4,0.04,1,25
2011-12,5,0.0,0,25
2011-12,6,0.0,0,25
2011-12,7,0.0,0,25
2011-12,8,0.0,0,25
2011-12,9,0.08,2,25
2011-12,10,0.04,1,25
2011-12,11,0.0,0,25
2011-12,12,0.0,0,25
2011-12,13,0.04,1,25
2011-12,14,0.04,1,25
2011-12,15,0.08,2,25
2011-12,16,0.08,2,25
2011-12,17,0.0,0,25
2011-12,18,0.08,2,25
2011-12,19,0.0,0,25
2011-12,20,0.04,1,25
2011-12,21,0.0,0,25
2011-12,22,0.04,1,25
2011-12,23,0.12,3,25
2011-12,24,0.04,1,25
2011-12,25,0.08,2,25
2011-12,26,0.04,1,25
2011-12,27,0.16,4,25
2011-12,28,0.08,2,25
2011-12,29,0.04,1,25
2011-12,30,0.0,0,25
2011-12,31,0.16,4,25
2011-12,32,0.04,1,25
2011-12,33,0.12,3,25
2011-12,34,0.04,1,25
2011-12,35,0.04,1,25
2011-12,36,0.12,3,25
2011-12,37,0.0,0,25
2011-12,38,0.0,0,25
2011-12,39,0.0,0,25
2011-12,40,0.0,0,25
2011-12,41,0.0,0,25
2011-12,42,0.0,0,25
2011-12,43,0.0,0,25
2011-12,44,0.0,0,25
2011-12,45,0.0,0,25
2011-12,46,0.0,0,25
2011-12,47,0.0,0,25
2012-01,0,1.0,16,16
2012-01,1,0.0,0,16
2012-01,2,0.125,2,16
2012-01,3,0.0625,1,16
2012-01,4,0.125,2,16
2012-01,5,0.125,2,16
2012-01,6,0.0625,1,16
2012-01,7,0.125,2,16
2012-01,8,0.0,0,16
2012-01,9,0.0625,1,16
2012-01,10,0.0,0,16
2012-01,11,0.0625,1,16
2012-01,12,0.0625,1,16
2012-01,13,0.0,0,16
2012-01,14,0.0625,1,16
2012-01,15,0.1875,3,16
2012-01,16,0.125,2,16
2012-01,17,0.0625,1,16
2012-01,18,0.0625,1,16
2012-01,19,0.0,0,16
2012-01,20,0.0625,1,16
2012-01,21,0.0,0,16
2012-01,22,0.0625,1,16
2012-01,23,0.0,0,16
2012-01,24,0.125,2,16
2012-01,25,0.0625,1,16
2012-01,26,0.0,0,16
2012-01,27,0.0,0,16
2012-01,28,0.0,0,16
2012-01,29,0.0,0,16
2012-01,30,0.125,2,16
2012-01,31,0.0,0,16
2012-01,32,0.0,0,16
2012-01,33,0.125,2,16
2012-01,34,0.0625,1,16
2012-01,35,0.125,2,16
2012-01,36,0.0,0,16
2012-01,37,0.0,0,16
2012-01,38,0.0,0,16
2012-01,39,0.0,0,16
2012-01,40,0.0,0,16
2012-01,41,0.0,0,16
2012-01,42,0.0,0,16
2012-01,43,0.0,0,16
2012-01,44,0.0,0,16
2012-01,45,0.0,0,16
2012-01,46,0.0,0,16
2012-01,47,0.0,0,16
2012-02,0,1.0,24,24
2012-02,1,0.0,0,24
2012-02,2,0.0,0,24
2012-02,3,0.041666666666666664,1,24
2012-02,4,0.041666666666666664,1,24
2012-02,5,0.041666666666666664,1,24
2012-02,6,0.08333333333333333,2,24
2012-02,7,0.125,3,24
2012-02,8,0.08333333333333333,2,24
2012-02,9,0.0,0,24
2012-02,10,0.0,0,24
2012-02,11,0.0,0,24
2012-02,12,0.041666666666666664,1,24
2012-02,13,0.0,0,24
2012-02,14,0.041666666666666664,1,24
2012-02,15,0.0,0,24
2012-02,16,0.08333333333333333,2,24
2012-02,17,0.08333333333333333,2,24
2012-02,18,0.041666666666666664,1,24
2012-02,19,0.0,0,24
2012-02,20,0.041666666666666664,1,24
2012-02,21,0.041666666666666664,1,24
2012-02,22,0.041666666666666664,1,24
2012-02,23,0.125,3,24
2012-02,24,0.08333333333333333,2,24
2012-02,25,0.041666666666666664,1,24
2012-02,26,0.08333333333333333,2,24
2012-02,27,0.041666666666666664,1,24
2012-02,28,0.125,3,24
2012-02,29,0.0,0,24
2012-02,30,0.08333333333333333,2,24
2012-02,31,0.041666666666666664,1,24
2012-02,32,0.08333333333333333,2,24
2012-02,33,0.041666666666666664,1,24
2012-02,34,0.08333333333333333,2,24
2012-02,35,0.0,0,24
2012-02,36,0.0,0,24
2012-02,37,0.0,0,24
2012-02,38,0.0,0,24
2012-02,39,0.0,0,24
2012-02,40,0.0,0,24
2012-02,41,0.0,0,24
2012-02,42,0.0,0,24
2012-02,43,0.0,0,24
2012-02,44,0.0,0,24
2012-02,45,0.0,0,24
2012-02,46,0.0,0,24
2012-02,47,0.0,0,24
2012-03,0,1.0,17,17
2012-03,1,0.0,0,17
2012-03,2,0.058823529411764705,1,17
2012-03,3,0.0,0,17
2012-03,4,0.0,0,17
2012-03,5,0.11764705882352941,2,17
2012-03,6,0.0,0,17
2012-03,7,0.0,0,17
2012-03,8,0.0,0,17
2012-03,9,0.0,0,17
2012-03,10,0.11764705882352941,2,17
2012-03,11,0.11764705882352941,2,17
2012-03,12,0.058823529411764705,1,17
2012-03,13,0.058823529411764705,1,17
2012-03,14,0.0,0,17
2012-03,15,0.058823529411764705,1,17
2012-03,16,0.11764705882352941,2,17
2012-03,17,0.0,0,17
2012-03,18,0.11764705882352941,2,17
2012-03,19,0.0,0,17
2012-03,20,0.058823529411764705,1,17
2012-03,21,0.0,0,17
2012-03,22,0.0,0,17
2012-03,23,0.11764705882352941,2,17
2012-03,24,0.17647058823529413,3,17
2012-03,25,0.23529411764705882,4,17
2012-03,26,0.0,0,17
2012-03,27,0.058823529411764705,1,17
2012-03,28,0.058823529411764705,1,17
2012-03,29,0.17647058823529413,3,17
2012-03,30,0.0,0,17
2012-03,31,0.058823529411764705,1,17
2012-03,32,0.0,0,17
2012-03,33,0.11764705882352941,2,17
2012-03,34,0.0,0,17
2012-03,35,0.0,0,17
2012-03,36,0.0,0,17
2012-03,37,0.0,0,17
2012-03,38,0.0,0,17
2012-03,39,0.0,0,17
2012-03,40,0.0,0,17
2012-03,41,0.0,0,17
2012-03,42,0.0,0,17
2012-03,43,0.0,0,17
2012-03,44,0.0,0,17
2012-03,45,0.0,0,17
2012-03,46,0.0,0,17
2012-03,47,0.0,0,17
2012-04,0,1.0,15,15
2012-04,1,0.0,0,15
2012-04,2,0.13333333333333333,2,15
2012-04,3,0.0,0,15
2012-04,4,0.06666666666666667,1,15
2012-04,5,0.13333333333333333,2,15
2012-04,6,0.0,0,15
2012-04,7,0.2,3,15
2012-04,8,0.06666666666666667,1,15
2012-04,9,0.0,0,15
2012-04,10,0.0,0,15
2012-04,11,0.06666666666666667,1,15
2012-04,12,0.13333333333333333,2,15
2012-04,13,0.0,0,15
2012-04,14,0.06666666666666667,1,15
2012-04,15,0.06666666666666667,1,15
2012-04,16,0.0,0,15
2012-04,17,0.06666666666666667,1,15
2012-04,18,0.0,0,15
2012-04,19,0.06666666666666667,1,15
2012-04,20,0.06666666666666667,1,15
2012-04,21,0.2,3,15
2012-04,22,0.13333333333333333,2,15
2012-04,23,0.06666666666666667,1,15
2012-04,24,0.0,0,15
2012-04,25,0.13333333333333333,2,15
2012-04,26,0.0,0,15
2012-04,27,0.0,0,15
2012-04,28,0.13333333333333333,2,15
2012-04,29,0.06666666666666667,1,15
2012-04,30,0.06666666666666667,1,15
2012-04,31,0.06666666666666667,1,15
2012-04,32,0.0,0,15
2012-04,33,0.0,0,15
2012-04,34,0.0,0,15
2012-04,35,0.0,0,15
2012-04,36,0.0,0,15
2012-04,37,0.0,0,15
2012-04,38,0.0,0,15
2012-04,39,0.0,0,15
2012-04,40,0.0,0,15
2012-04,41,0.0,0,15
2012-04,42,0.0,0,15
2012-04,43,0.0,0,15
2012-04,44,0.0,0,15
2012-04,45,0.0,0,15
2012-04,46,0.0,0,15
2012-04,47,0.0,0,15
2012-05,0,1.0,20,20
2012-05,1,0.0,0,20
2012-05,2,0.0,0,20
2012-05,3,0.05,1,20
2012-05,4,0.0,0,20
2012-05,5,0.05,1,20
2012-05,6,0.05,1,20
2012-05,7,0.05,1,20
2012-05,8,0.0,0,20
2012-05,9,0.1,2,20
2012-05,10,0.05,1,20
2012-05,11,0.2,4,20
2012-05,12,0.0,0,20
2012-05,13,0.05,1,20
2012-05,14,0.05,1,20
2012-05,15,0.05,1,20
2012-05,16,0.15,3,20
2012-05,17,0.1,2,20
2012-05,18,0.0,0,20
2012-05,19,0.1,2,20
2012-05,20,0.05,1,20
2012-05,21,0.15,3,20
2012-05,22,0.15,3,20
2012-05,23,0.05,1,20
2012-05,24,0.15,3,20
2012-05,25,0.1,2,20
2012-05,26,0.0,0,20
2012-05,27,0.0,0,20
2012-05,28,0.0,0,20
2012-05,29,0.0,0,20
2012-05,30,0.1,2,20
2012-05,31,0.15,3,20
2012-05,32,0.0,0,20
2012-05,33,0.0,0,20
2012-05,34,0.0,0,20
2012-05,35,0.0,0,20
2012-05,36,0.0,0,20
2012-05,37,0.0,0,20
2012-05,38,0.0,0,20
2012-05,39,0.0,0,20
2012-05,40,0.0,0,20
2012-05,41,0.0,0,20
2012-05,42,0.0,0,20
2012-05,43,0.0,0,20
2012-05,44,0.0,0,20
2012-05,45,0.0,0,20
2012-05,46,0.0,0,20
2012-05,47,0.0,0,20
2012-06,0,1.0,16,16
2012-06,1,0.0,0,16
2012-06,2,0.125,2,16
2012-06,3,0.125,2,16
2012-06,4,0.125,2,16
2012-06,5,0.125,2,16
2012-06,6,0.0,0,16
2012-06,7,0.0625,1,16
2012-06,8,0.0625,1,16
2012-06,9,0.0,0,16
2012-06,10,0.0,0,16
2012-06,11,0.0625,1,16
2012-06,12,0.0625,1,16
2012-06,13,0.0625,1,16
2012-06,14,0.0,0,16
2012-06,15,0.0,0,16
2012-06,16,0.0,0,16
2012-06,17,0.125,2,16
2012-06,18,0.0,0,16
2012-06,19,0.125,2,16
2012-06,20,0.0625,1,16
2012-06,21,0.1875,3,16
2012-06,22,0.0625,1,16
2012-06,23,0.0625,1,16
2012-06,24,0.125,2,16
2012-06,25,0.125,2,16
2012-06,26,0.0,0,16
2012-06,27,0.0,0,16
2012-06,28,0.125,2,16
2012-06,29,0.125,2,16
2012-06,30,0.0625,1,16
2012-06,31,0.0,0,16
2012-06,32,0.0,0,16
2012-06,33,0.0,0,16
2012-06,34,0.0,0,16
2012-06,35,0.0,0,16
2012-06,36,0.0,0,16
2012-06,37,0.0,0,16
2012-06,38,0.0,0,16
2012-06,39,0.0,0,16
2012-06,40,0.0,0,16
2012-06,41,0.0,0,16
2012-06,42,0.0,0,16
2012-06,43,0.0,0,16
2012-06,44,0.0,0,16
2012-06,45,0.0,0,16
2012-06,46,0.0,0,16
2012-06,47,0.0,0,16
2012-07,0,1.0,18,18
2012-07,1,0.05555555555555555,1,18
2012-07,2,0.05555555555555555,1,18
2012-07,3,0.1111111111111111,2,18
2012-07,4,0.0,0,18
2012-07,5,0.0,0,18
2012-07,6,0.0,0,18
2012-07,7,0.16666666666666666,3,18
2012-07,8,0.0,0,18
2012-07,9,0.05555555555555555,1,18
2012-07,10,0.05555555555555555,1,18
2012-07,11,0.05555555555555555,1,18
2012-07,12,0.0,0,18
2012-07,13,0.1111111111111111,2,18
2012-07,14,0.1111111111111111,2,18
2012-07,15,0.05555555555555555,1,18
2012-07,16,0.1111111111111111,2,18
2012-07,17,0.05555555555555555,1,18
2012-07,18,0.05555555555555555,1,18
2012-07,19,0.0,0,18
2012-07,20,0.05555555555555555,1,18
2012-07,21,0.1111111111111111,2,18
2012-07,22,0.1111111111111111,2,18
2012-07,23,0.16666666666666666,3,18
2012-07,24,0.05555555555555555,1,18
2012-07,25,0.05555555555555555,1,18
2012-07,26,0.1111111111111111,2,18
2012-07,27,0.2222222222222222,4,18
2012-07,28,0.0,0,18
2012-07,29,0.05555555555555555,1,18
2012-07,30,0.0,0,18
2012-07,31,0.0,0,18
2012-07,32,0.0,0,18
2012-07,33,0.0,0,18
2012-07,34,0.0,0,18
2012-07,35,0.0,0,18
2012-07,36,0.0,0,18
2012-07,37,0.0,0,18
2012-07,38,0.0,0,18
2012-07,39,0.0,0,18
2012-07,40,0.0,0,18
2012-07,41,0.0,0,18
2012-07,42,0.0,0,18
2012-07,43,0.0,0,18
2012-07,44,0.0,0,18
2012-07,45,0.0,0,18
2012-07,46,0.0,0,18
2012-07,47,0.0,0,18
2012-08,0,1.0,15,15
2012-08,1,0.06666666666666667,1,15
2012-08,2,0.0,0,15
2012-08,3,0.0,0,15
2012-08,4,0.13333333333333333,2,15
2012-08,5,0.0,0,15
2012-08,6,0.0,0,15
2012-08,7,0.0,0,15
2012-08,8,0.06666666666666667,1,15
2012-08,9,0.0,0,15
2012-08,10,0.13333333333333333,2,15
2012-08,11,0.0,0,15
2012-08,12,0.0,0,15
2012-08,13,0.06666666666666667,1,15
2012-08,14,0.06666666666666667,1,15
2012-08,15,0.06666666666666667,1,15
2012-08,16,0.06666666666666667,1,15
2012-08,17,0.2,3,15
2012-08,18,0.0,0,15
2012-08,19,0.06666666666666667,1,15
2012-08,20,0.2,3,15
2012-08,21,0.13333333333333333,2,15
2012-08,22,0.06666666666666667,1,15
2012-08,23,0.0,0,15
2012-08,24,0.06666666666666667,1,15
2012-08,25,0.0,0,15
2012-08,26,0.0,0,15
2012-08,27,0.13333333333333333,2,15
2012-08,28,0.06666666666666667,1,15
2012-08,29,0.0,0,15
2012-08,30,0.0,0,15
2012-08,31,0.0,0,15
2012-08,32,0.0,0,15
2012-08,33,0.0,0,15
2012-08,34,0.0,0,15
2012-08,35,0.0,0,15
2012-08,36,0.0,0,15
2012-08,37,0.0,0,15
2012-08,38,0.0,0,15
2012-08,39,0.0,0,15
2012-08,40,0.0,0,15
2012-08,41,0.0,0,15
2012-08,42,0.0,0,15
2012-08,43,0.0,0,15
2012-08,44,0.0,0,15
2012-08,45,0.0,0,15
2012-08,46,0.0,0,15
2012-08,47,0.0,0,15
2012-09,0,1.0,15,15
2012-09,1,0.0,0,15
2012-09,2,0.0,0,15
2012-09,3,0.13333333333333333,2,15
2012-09,4,0.0,0,15
2012-09,5,0.0,0,15
2012-09,6,0.13333333333333333,2,15
2012-09,7,0.0,0,15
2012-09,8,0.0,0,15
2012-09,9,0.06666666666666667,1,15
2012-09,10,0.0,0,15
2012-09,11,0.13333333333333333,2,15
2012-09,12,0.0,0,15
2012-09,13,0.06666666666666667,1,15
2012-09,14,0.06666666666666667,1,15
2012-09,15,0.13333333333333333,2,15
2012-09,16,0.0,0,15
2012-09,17,0.13333333333333333,2,15
2012-09,18,0.13333333333333333,2,15
2012-09,19,0.06666666666666667,1,15
2012-09,20,0.0,0,15
2012-09,21,0.0,0,15
2012-09,22,0.0,0,15
2012-09,23,0.13333333333333333,2,15
2012-09,24,0.06666666666666667,1,15
2012-09,25,0.06666666666666667,1,15
2012-09,26,0.0,0,15
2012-09,27,0.13333333333333333,2,15
2012-09,28,0.0,0,15
2012-09,29,0.0,0,15
2012-09,30,0.0,0,15
2012-09,31,0.0,0,15
2012-09,32,0.0,0,15
2012-09,33,0.0,0,15
2012-09,34,0.0,0,15
2012-09,35,0.0,0,15
2012-09,36,0.0,0,15
2012-09,37,0.0,0,15
2012-09,38,0.0,0,15
2012-09,39,0.0,0,15
2012-09,40,0.0,0,15
2012-09,41,0.0,0,15
2012-09,42,0.0,0,15
2012-09,43,0.0,0,15
2012-09,44,0.0,0,15
2012-09,45,0.0,0,15
2012-09,46,0.0,0,15
2012-09,47,0.0,0,15
2012-10,0,1.0,12,12
2012-10,1,0.08333333333333333,1,12
2012-10,2,0.0,0,12
2012-10,3,0.08333333333333333,1,12
2012-10,4,0.08333333333333333,1,12
2012-10,5,0.0,0,12
2012-10,6,0.08333333333333333,1,12
2012-10,7,0.0,0,12
2012-10,8,0.08333333333333333,1,12
2012-10,9,0.0,0,12
2012-10,10,0.08333333333333333,1,12
2012-10,11,0.08333333333333333,1,12
2012-10,12,0.08333333333333333,1,12
2012-10,13,0.08333333333333333,1,12
2012-10,14,0.08333333333333333,1,12
2012-10,15,0.08333333333333333,1,12
2012-10,16,0.0,0,12
2012-10,17,0.08333333333333333,1,12
2012-10,18,0.0,0,12
2012-10,19,0.08333333333333333,1,12
2012-10,20,0.08333333333333333,1,12
2012-10,21,0.08333333333333333,1,12
2012-10,22,0.0,0,12
2012-10,23,0.16666666666666666,2,12
2012-10,24,0.0,0,12
2012-10,25,0.25,3,12
2012-10,26,0.0,0,12
2012-10,27,0.0,0,12
2012-10,28,0.0,0,12
2012-10,29,0.0,0,12
2012-10,30,0.0,0,12
2012-10,31,0.0,0,12
2012-10,32,0.0,0,12
2012-10,33,0.0,0,12
2012-10,34,0.0,0,12
2012-10,35,0.0,0,12
2012-10,36,0.0,0,12
2012-10,37,0.0,0,12
2012-10,38,0.0,0,12
2012-10,39,0.0,0,12
2012-10,40,0.0,0,12
2012-10,41,0.0,0,12
2012-10,42,0.0,0,12
2012-10,43,0.0,0,12
2012-10,44,0.0,0,12
2012-10,45,0.0,0,12
2012-10,46,0.0,0,12
2012-10,47,0.0,0,12
2012-11,0,1.0,12,12
2012-11,1,0.0,0,12
2012-11,2,0.0,0,12
2012-11,3,0.0,0,12
2012-11,4,0.0,0,12
2012-11,5,0.0,0,12
2012-11,6,0.0,0,12
2012-11,7,0.0,0,12
2012-11,8,0.08333333333333333,1,12
2012-11,9,0.0,0,12
2012-11,10,0.08333333333333333,1,12
2012-11,11,0.08333333333333333,1,12
2012-11,12,0.0,0,12
2012-11,13,0.08333333333333333,1,12
2012-11,14,0.16666666666666666,2,12
2012-11,15,0.16666666666666666,2,12
2012-11,16,0.0,0,12
2012-11,17,0.08333333333333333,1,12
2012-11,18,0.08333333333333333,1,12
2012-11,19,0.08333333333333333,1,12
2012-11,20,0.08333333333333333,1,12
2012-11,21,0.0,0,12
2012-11,22,0.0,0,12
2012-11,23,0.08333333333333333,1,12
2012-11,24,0.08333333333333333,1,12
2012-11,25,0.08333333333333333,1,12
2012-11,26,0.0,0,12
2012-11,27,0.0,0,12
2012-11,28,0.0,0,12
2012-11,29,0.0,0,12
2012-11,30,0.0,0,12
2012-11,31,0.0,0,12
2012-11,32,0.0,0,12
2012-11,33,0.0,0,12
2012-11,34,0.0,0,12
2012-11,35,0.0,0,12
2012-11,36,0.0,0,12
2012-11,37,0.0,0,12
2012-11,38,0.0,0,12
2012-11,39,0.0,0,12
2012-11,40,0.0,0,12
2012-11,41,0.0,0,12
2012-11,42,0.0,0,12
2012-11,43,0.0,0,12
2012-11,44,0.0,0,12
2012-11,45,0.0,0,12
2012-11,46,0.0,0,12
2012-11,47,0.0,0,12
2012-12,0,1.0,14,14
2012-12,1,0.07142857142857142,1,14
2012-12,2,0.14285714285714285,2,14
2012-12,3,0.0,0,14
2012-12,4,0.07142857142857142,1,14
2012-12,5,0.07142857142857142,1,14
2012-12,6,0.21428571428571427,3,14
2012-12,7,0.14285714285714285,2,14
2012-12,8,0.07142857142857142,1,14
2012-12,9,0.07142857142857142,1,14
2012-12,10,0.07142857142857142,1,14
2012-12,11,0.0,0,14
2012-12,12,0.07142857142857142,1,14
2012-12,13,0.0,0,14
2012-12,14,0.07142857142857142,1,14
2012-12,15,0.14285714285714285,2,14
2012-12,16,0.0,0,14
2012-12,17,0.0,0,14
2012-12,18,0.0,0,14
2012-12,19,0.0,0,14
2012-12,20,0.07142857142857142,1,14
2012-12,21,0.07142857142857142,1,14
2012-12,22,0.14285714285714285,2,14
2012-12,23,0.0,0,14
2012-12,24,0.0,0,14
2012-12,25,0.0,0,14
2012-12,26,0.0,0,14
2012-12,27,0.0,0,14
2012-12,28,0.0,0,14
2012-12,29,0.0,0,14
2012-12,30,0.0,0,14
2012-12,31,0.0,0,14
2012-12,32,0.0,0,14
2012-12,33,0.0,0,14
2012-12,34,0.0,0,14
2012-12,35,0.0,0,14
2012-12,36,0.0,0,14
2012-12,37,0.0,0,14
2012-12,38,0.0,0,14
2012-12,39,0.0,0,14
2012-12,40,0.0,0,14
2012-12,41,0.0,0,14
2012-12,42,0.0,0,14
2012-12,43,0.0,0,14
2012-12,44,0.0,0,14
2012-12,45,0.0,0,14
2012-12,46,0.0,0,14
2012-12,47,0.0,0,14
2013-01,0,1.0,7,7
2013-01,1,0.0,0,7
2013-01,2,0.0,0,7
2013-01,3,0.0,0,7
2013-01,4,0.0,0,7
2013-01,5,0.2857142857142857,2,7
2013-01,6,0.0,0,7
2013-01,7,0.0,0,7
2013-01,8,0.0,0,7
2013-01,9,0.2857142857142857,2,7
2013-01,10,0.0,0,7
2013-01,11,0.0,0,7
2013-01,12,0.14285714285714285,1,7
2013-01,13,0.14285714285714285,1,7
2013-01,14,0.2857142857142857,2,7
2013-01,15,0.0,0,7
2013-01,16,0.2857142857142857,2,7
2013-01,17,0.0,0,7
2013-01,18,0.0,0,7
2013-01,19,0.14285714285714285,1,7
2013-01,20,0.14285714285714285,1,7
2013-01,21,0.14285714285714285,1,7
2013-01,22,0.0,0,7
2013-01,23,0.0,0,7
2013-01,24,0.0,0,7
2013-01,25,0.0,0,7
2013-01,26,0.0,0,7
2013-01,27,0.0,0,7
2013-01,28,0.0,0,7
2013-01,29,0.0,0,7
2013-01,30,0.0,0,7
2013-01,31,0.0,0,7
2013-01,32,0.0,0,7
2013-01,33,0.0,0,7
2013-01,34,0.0,0,7
2013-01,35,0.0,0,7
2013-01,36,0.0,0,7
2013-01,37,0.0,0,7
2013-01,38,0.0,0,7
2013-01,39,0.0,0,7
2013-01,40,0.0,0,7
2013-01,41,0.0,0,7
2013-01,42,0.0,0,7
2013-01,43,0.0,0,7
2013-01,44,0.0,0,7
2013-01,45,0.0,0,7
2013-01,46,0.0,0,7
2013-01,47,0.0,0,7
2013-02,0,1.0,17,17
2013-02,1,0.058823529411764705,1,17
2013-02,2,0.11764705882352941,2,17
2013-02,3,0.0,0,17
2013-02,4,0.0,0,17
2013-02,5,0.058823529411764705,1,17
2013-02,6,0.0,0,17
2013-02,7,0.11764705882352941,2,17
2013-02,8,0.17647058823529413,3,17
2013-02,9,0.058823529411764705,1,17
2013-02,10,0.058823529411764705,1,17
2013-02,11,0.17647058823529413,3,17
2013-02,12,0.058823529411764705,1,17
2013-02,13,0.058823529411764705,1,17
2013-02,14,0.058823529411764705,1,17
2013-02,15,0.17647058823529413,3,17
2013-02,16,0.058823529411764705,1,17
2013-02,17,0.11764705882352941,2,17
2013-02,18,0.058823529411764705,1,17
2013-02,19,0.0,0,17
2013-02,20,0.23529411764705882,4,17
2013-02,21,0.058823529411764705,1,17
2013-02,22,0.058823529411764705,1,17
2013-02,23,0.0,0,17
2013-02,24,0.0,0,17
2013-02,25,0.0,0,17
2013-02,26,0.0,0,17
2013-02,27,0.0,0,17
2013-02,28,0.0,0,17
2013-02,29,0.0,0,17
2013-02,30,0.0,0,17
2013-02,31,0.0,0,17
2013-02,32,0.0,0,17
2013-02,33,0.0,0,17
2013-02,34,0.0,0,17
2013-02,35,0.0,0,17
2013-02,36,0.0,0,17
2013-02,37,0.0,0,17
2013-02,38,0.0,0,17
2013-02,39,0.0,0,17
2013-02,40,0.0,0,17
2013-02,41,0.0,0,17
2013-02,42,0.0,0,17
2013-02,43,0.0,0,17
2013-02,44,0.0,0,17
2013-02,45,0.0,0,17
2013-02,46,0.0,0,17
2013-02,47,0.0,0,17
2013-03,0,1.0,13,13
2013-03,1,0.0,0,13
2013-03,2,0.07692307692307693,1,13
2013-03,3,0.0,0,13
2013-03,4,0.07692307692307693,1,13
2013-03,5,0.23076923076923078,3,13
2013-03,6,0.15384615384615385,2,13
2013-03,7,0.0,0,13
2013-03,8,0.07692307692307693,1,13
2013-03,9,0.07692307692307693,1,13
2013-03,10,0.07692307692307693,1,13
2013-03,11,0.07692307692307693,1,13
2013-03,12,0.15384615384615385,2,13
2013-03,13,0.38461538461538464,5,13
2013-03,14,0.07692307692307693,1,13
2013-03,15,0.07692307692307693,1,13
2013-03,16,0.07692307692307693,1,13
2013-03,17,0.15384615384615385,2,13
2013-03,18,0.07692307692307693,1,13
2013-03,19,0.15384615384615385,2,13
2013-03,20,0.0,0,13
2013-03,21,0.07692307692307693,1,13
2013-03,22,0.0,0,13
2013-03,23,0.0,0,13
2013-03,24,0.0,0,13
2013-03,25,0.0,0,13
2013-03,26,0.0,0,13
2013-03,27,0.0,0,13
2013-03,28,0.0,0,13
2013-03,29,0.0,0,13
2013-03,30,0.0,0,13
2013-03,31,0.0,0,13
2013-03,32,0.0,0,13
2013-03,33,0.0,0,13
2013-03,34,0.0,0,13
2013-03,35,0.0,0,13
2013-03,36,0.0,0,13
2013-03,37,0.0,0,13
2013-03,38,0.0,0,13
2013-03,39,0.0,0,13
2013-03,40,0.0,0,13
2013-03,41,0.0,0,13
2013-03,42,0.0,0,13
2013-03,43,0.0,0,13
2013-03,44,0.0,0,13
2013-03,45,0.0,0,13
2013-03,46,0.0,0,13
2013-03,47,0.0,0,13
2013-04,0,1.0,14,14
2013-04,1,0.0,0,14
2013-04,2,0.14285714285714285,2,14
2013-04,3,0.07142857142857142,1,14
2013-04,4,0.07142857142857142,1,14
2013-04,5,0.07142857142857142,1,14
2013-04,6,0.0,0,14
2013-04,7,0.14285714285714285,2,14
2013-04,8,0.0,0,14
2013-04,9,0.0,0,14
2013-04,10,0.07142857142857142,1,14
2013-04,11,0.07142857142857142,1,14
2013-04,12,0.07142857142857142,1,14
2013-04,13,0.0,0,14
2013-04,14,0.07142857142857142,1,14
2013-04,15,0.0,0,14
2013-04,16,0.07142857142857142,1,14
2013-04,17,0.07142857142857142,1,14
2013-04,18,0.0,0,14
2013-04,19,0.14285714285714285,2,14
2013-04,20,0.07142857142857142,1,14
2013-04,21,0.0,0,14
2013-04,22,0.0,0,14
2013-04,23,0.0,0,14
2013-04,24,0.0,0,14
2013-04,25,0.0,0,14
2013-04,26,0.0,0,14
2013-04,27,0.0,0,14
2013-04,28,0.0,0,14
2013-04,29,0.0,0,14
2013-04,30,0.0,0,14
2013-04,31,0.0,0,14
2013-04,32,0.0,0,14
2013-04,33,0.0,0,14
2013-04,34,0.0,0,14
2013-04,35,0.0,0,14
2013-04,36,0.0,0,14
2013-04,37,0.0,0,14
2013-04,38,0.0,0,14
2013-04,39,0.0,0,14
2013-04,40,0.0,0,14
2013-04,41,0.0,0,14
2013-04,42,0.0,0,14
2013-04,43,0.0,0,14
2013-04,44,0.0,0,14
2013-04,45,0.0,0,14
2013-04,46,0.0,0,14
2013-04,47,0.0,0,14
2013-05,0,1.0,15,15
2013-05,1,0.2,3,15
2013-05,2,0.2,3,15
2013-05,3,0.0,0,15
2013-05,4,0.06666666666666667,1,15
2013-05,5,0.0,0,15
2013-05,6,0.0,0,15
2013-05,7,0.13333333333333333,2,15
2013-05,8,0.2,3,15
2013-05,9,0.2,3,15
2013-05,10,0.0,0,15
2013-05,11,0.0,0,15
2013-05,12,0.06666666666666667,1,15
2013-05,13,0.0,0,15
2013-05,14,0.06666666666666667,1,15
2013-05,15,0.06666666666666667,1,15
2013-05,16,0.0,0,15
2013-05,17,0.0,0,15
2013-05,18,0.06666666666666667,1,15
2013-05,19,0.13333333333333333,2,15
2013-05,20,0.0,0,15
2013-05,21,0.0,0,15
2013-05,22,0.0,0,15
2013-05,23,0.0,0,15
2013-05,24,0.0,0,15
2013-05,25,0.0,0,15
2013-05,26,0.0,0,15
2013-05,27,0.0,0,15
2013-05,28,0.0,0,15
2013-05,29,0.0,0,15
2013-05,30,0.0,0,15
2013-05,31,0.0,0,15
2013-05,32,0.0,0,15
2013-05,33,0.0,0,15
2013-05,34,0.0,0,15
2013-05,35,0.0,0,15
2013-05,36,0.0,0,15
2013-05,37,0.0,0,15
2013-05,38,0.0,0,15
2013-05,39,0.0,0,15
2013-05,40,0.0,0,15
2013-05,41,0.0,0,15
2013-05,42,0.0,0,15
2013-05,43,0.0,0,15
2013-05,44,0.0,0,15
2013-05,45,0.0,0,15
2013-05,46,0.0,0,15
2013-05,47,0.0,0,15
2013-06,0,1.0,12,12
2013-06,1,0.0,0,12
2013-06,2,0.08333333333333333,1,12
2013-06,3,0.0,0,12
2013-06,4,0.08333333333333333,1,12
2013-06,5,0.0,0,12
2013-06,6,0.0,0,12
2013-06,7,0.08333333333333333,1,12
2013-06,8,0.0,0,12
2013-06,9,0.3333333333333333,4,12
2013-06,10,0.16666666666666666,2,12
2013-06,11,0.08333333333333333,1,12
2013-06,12,0.0,0,12
2013-06,13,0.08333333333333333,1,12
2013-06,14,0.08333333333333333,1,12
2013-06,15,0.08333333333333333,1,12
2013-06,16,0.08333333333333333,1,12
2013-06,17,0.08333333333333333,1,12
2013-06,18,0.0,0,12
2013-06,19,0.0,0,12
2013-06,20,0.0,0,12
2013-06,21,0.0,0,12
2013-06,22,0.0,0,12
2013-06,23,0.0,0,12
2013-06,24,0.0,0,12
2013-06,25,0.0,0,12
2013-06,26,0.0,0,12
2013-06,27,0.0,0,12
2013-06,28,0.0,0,12
2013-06,29,0.0,0,12
2013-06,30,0.0,0,12
2013-06,31,0.0,0,12
2013-06,32,0.0,0,12
2013-06,33,0.0,0,12
2013-06,34,0.0,0,12
2013-06,35,0.0,0,12
2013-06,36,0.0,0,12
2013-06,37,0.0,0,12
2013-06,38,0.0,0,12
2013-06,39,0.0,0,12
2013-06,40,0.0,0,12
2013-06,41,0.0,0,12
2013-06,42,0.0,0,12
2013-06,43,0.0,0,12
2013-06,44,0.0,0,12
2013-06,45,0.0,0,12
2013-06,46,0.0,0,12
2013-06,47,0.0,0,12
2013-07,0,1.0,8,8
2013-07,1,0.0,0,8
2013-07,2,0.125,1,8
2013-07,3,0.0,0,8
2013-07,4,0.0,0,8
2013-07,5,0.0,0,8
2013-07,6,0.125,1,8
2013-07,7,0.0,0,8
2013-07,8,0.0,0,8
2013-07,9,0.375,3,8
2013-07,10,0.25,2,8
2013-07,11,0.0,0,8
2013-07,12,0.0,0,8
2013-07,13,0.0,0,8
2013-07,14,0.0,0,8
2013-07,15,0.0,0,8
2013-07,16,0.125,1,8
2013-07,17,0.0,0,8
2013-07,18,0.0,0,8
2013-07,19,0.0,0,8
2013-07,20,0.0,0,8
2013-07,21,0.0,0,8
2013-07,22,0.0,0,8
2013-07,23,0.0,0,8
2013-07,24,0.0,0,8
2013-07,25,0.0,0,8
2013-07,26,0.0,0,8
2013-07,27,0.0,0,8
2013-07,28,0.0,0,8
2013-07,29,0.0,0,8
2013-07,30,0.0,0,8
2013-07,31,0.0,0,8
2013-07,32,0.0,0,8
2013-07,33,0.0,0,8
2013-07,34,0.0,0,8
2013-07,35,0.0,0,8
2013-07,36,0.0,0,8
2013-07,37,0.0,0,8
2013-07,38,0.0,0,8
2013-07,39,0.0,0,8
2013-07,40,0.0,0,8
2013-07,41,0.0,0,8
2013-07,42,0.0,0,8
2013-07,43,0.0,0,8
2013-07,44,0.0,0,8
2013-07,45,0.0,0,8
2013-07,46,0.0,0,8
2013-07,47,0.0,0,8
2013-08,0,1.0,9,9
2013-08,1,0.0,0,9
2013-08,2,0.0,0,9
2013-08,3,0.0,0,9
2013-08,4,0.1111111111111111,1,9
2013-08,5,0.2222222222222222,2,9
2013-08,6,0.0,0,9
2013-08,7,0.1111111111111111,1,9
2013-08,8,0.0,0,9
2013-08,9,0.1111111111111111,1,9
2013-08,10,0.0,0,9
2013-08,11,0.1111111111111111,1,9
2013-08,12,0.0,0,9
2013-08,13,0.1111111111111111,1,9
2013-08,14,0.0,0,9
2013-08,15,0.0,0,9
2013-08,16,0.1111111111111111,1,9
2013-08,17,0.0,0,9
2013-08,18,0.0,0,9
2013-08,19,0.0,0,9
2013-08,20,0.0,0,9
2013-08,21,0.0,0,9
2013-08,22,0.0,0,9
2013-08,23,0.0,0,9
2013-08,24,0.0,0,9
2013-08,25,0.0,0,9
2013-08,26,0.0,0,9
2013-08,27,0.0,0,9
2013-08,28,0.0,0,9
2013-08,29,0.0,0,9
2013-08,30,0.0,0,9
2013-08,31,0.0,0,9
2013-08,32,0.0,0,9
2013-08,33,0.0,0,9
2013-08,34,0.0,0,9
2013-08,35,0.0,0,9
2013-08,36,0.0,0,9
2013-08,37,0.0,0,9
2013-08,38,0.0,0,9
2013-08,39,0.0,0,9
2013-08,40,0.0,0,9
2013-08,41,0.0,0,9
2013-08,42,0.0,0,9
2013-08,43,0.0,0,9
2013-08,44,0.0,0,9
2013-08,45,0.0,0,9
2013-08,46,0.0,0,9
2013-08,47,0.0,0,9
2013-09,0,1.0,10,10
2013-09,1,0.0,0,10
2013-09,2,0.3,3,10
2013-09,3,0.0,0,10
2013-09,4,0.1,1,10
2013-09,5,0.1,1,10
2013-09,6,0.1,1,10
2013-09,7,0.0,0,10
2013-09,8,0.0,0,10
2013-09,9,0.1,1,10
2013-09,10,0.1,1,10
2013-09,11,0.2,2,10
2013-09,12,0.0,0,10
2013-09,13,0.1,1,10
2013-09,14,0.1,1,10
2013-09,15,0.3,3,10
2013-09,16,0.0,0,10
2013-09,17,0.0,0,10
2013-09,18,0.0,0,10
2013-09,19,0.0,0,10
2013-09,20,0.0,0,10
2013-09,21,0.0,0,10
2013-09,22,0.0,0,10
2013-09,23,0.0,0,10
2013-09,24,0.0,0,10
2013-09,25,0.0,0,10
2013-09,26,0.0,0,10
2013-09,27,0.0,0,10
2013-09,28,0.0,0,10
2013-09,29,0.0,0,10
2013-09,30,0.0,0,10
2013-09,31,0.0,0,10
2013-09,32,0.0,0,10
2013-09,33,0.0,0,10
2013-09,34,0.0,0,10
2013-09,35,0.0,0,10
2013-09,36,0.0,0,10
2013-09,37,0.0,0,10
2013-09,38,0.0,0,10
2013-09,39,0.0,0,10
2013-09,40,0.0,0,10
2013-09,41,0.0,0,10
2013-09,42,0.0,0,10
2013-09,43,0.0,0,10
2013-09,44,0.0,0,10
2013-09,45,0.0,0,10
2013-09,46,0.0,0,10
2013-09,47,0.0,0,10
2013-10,0,1.0,7,7
2013-10,1,0.14285714285714285,1,7
2013-10,2,0.0,0,7
2013-10,3,0.0,0,7
2013-10,4,0.0,0,7
2013-10,5,0.14285714285714285,1,7
2013-10,6,0.14285714285714285,1,7
2013-10,7,0.0,0,7
2013-10,8,0.14285714285714285,1,7
2013-10,9,0.2857142857142857,2,7
2013-10,10,0.0,0,7
2013-10,11,0.0,0,7
2013-10,12,0.14285714285714285,1,7
2013-10,13,0.0,0,7
2013-10,14,0.0,0,7
2013-10,15,0.0,0,7
2013-10,16,0.0,0,7
2013-10,17,0.0,0,7
2013-10,18,0.0,0,7
2013-10,19,0.0,0,7
2013-10,20,0.0,0,7
2013-10,21,0.0,0,7
2013-10,22,0.0,0,7
2013-10,23,0.0,0,7
2013-10,24,0.0,0,7
2013-10,25,0.0,0,7
2013-10,26,0.0,0,7
2013-10,27,0.0,0,7
2013-10,28,0.0,0,7
2013-10,29,0.0,0,7
2013-10,30,0.0,0,7
2013-10,31,0.0,0,7
2013-10,32,0.0,0,7
2013-10,33,0.0,0,7
2013-10,34,0.0,0,7
2013-10,35,0.0,0,7
2013-10,36,0.0,0,7
2013-10,37,0.0,0,7
2013-10,38,0.0,0,7
2013-10,39,0.0,0,7
2013-10,40,0.0,0,7
2013-10,41,0.0,0,7
2013-10,42,0.0,0,7
2013-10,43,0.0,0,7
2013-10,44,0.0,0,7
2013-10,45,0.0,0,7
2013-10,46,0.0,0,7
2013-10,47,0.0,0,7
2013-11,0,1.0,7,7
2013-11,1,0.0,0,7
2013-11,2,0.0,0,7
2013-11,3,0.14285714285714285,1,7
2013-11,4,0.0,0,7
2013-11,5,0.0,0,7
2013-11,6,0.0,0,7
2013-11,7,0.0,0,7
2013-11,8,0.0,0,7
2013-11,9,0.14285714285714285,1,7
2013-11,10,0.14285714285714285,1,7
2013-11,11,0.0,0,7
2013-11,12,0.0,0,7
2013-11,13,0.14285714285714285,1,7
2013-11,14,0.0,0,7
2013-11,15,0.0,0,7
2013-11,16,0.0,0,7
2013-11,17,0.0,0,7
2013-11,18,0.0,0,7
2013-11,19,0.0,0,7
2013-11,20,0.0,0,7
2013-11,21,0.0,0,7
2013-11,22,0.0,0,7
2013-11,23,0.0,0,7
2013-11,24,0.0,0,7
2013-11,25,0.0,0,7
2013-11,26,0.0,0,7
2013-11,27,0.0,0,7
2013-11,28,0.0,0,7
2013-11,29,0.0,0,7
2013-11,30,0.0,0,7
2013-11,31,0.0,0,7
2013-11,32,0.0,0,7
2013-11,33,0.0,0,7
2013-11,34,0.0,0,7
2013-11,35,0.0,0,7
2013-11,36,0.0,0,7
2013-11,37,0.0,0,7
2013-11,38,0.0,0,7
2013-11,39,0.0,0,7
2013-11,40,0.0,0,7
2013-11,41,0.0,0,7
2013-11,42,0.0,0,7
2013-11,43,0.0,0,7
2013-11,44,0.0,0,7
2013-11,45,0.0,0,7
2013-11,46,0.0,0,7
2013-11,47,0.0,0,7
2013-12,0,1.0,6,6
2013-12,1,0.0,0,6
2013-12,2,0.0,0,6
2013-12,3,0.0,0,6
2013-12,4,0.0,0,6
2013-12,5,0.0,0,6
2013-12,6,0.0,0,6
2013-12,7,0.0,0,6
2013-12,8,0.0,0,6
2013-12,9,0.0,0,6
2013-12,10,0.0,0,6
2013-12,11,0.16666666666666666,1,6
2013-12,12,0.16666666666666666,1,6
2013-12,13,0.0,0,6
2013-12,14,0.0,0,6
2013-12,15,0.0,0,6
2013-12,16,0.0,0,6
2013-12,17,0.0,0,6
2013-12,18,0.0,0,6
2013-12,19,0.0,0,6
2013-12,20,0.0,0,6
2013-12,21,0.0,0,6
2013-12,22,0.0,0,6
2013-12,23,0.0,0,6
2013-12,24,0.0,0,6
2013-12,25,0.0,0,6
2013-12,26,0.0,0,6
2013-12,27,0.0,0,6
2013-12,28,0.0,0,6
2013-12,29,0.0,0,6
2013-12,30,0.0,0,6
2013-12,31,0.0,0,6
2013-12,32,0.0,0,6
2013-12,33,0.0,0,6
2013-12,34,0.0,0,6
2013-12,35,0.0,0,6
2013-12,36,0.0,0,6
2013-12,37,0.0,0,6
2013-12,38,0.0,0,6
2013-12,39,0.0,0,6
2013-12,40,0.0,0,6
2013-12,41,0.0,0,6
2013-12,42,0.0,0,6
2013-12,43,0.0,0,6
2013-12,44,0.0,0,6
2013-12,45,0.0,0,6
2013-12,46,0.0,0,6
2013-12,47,0.0,0,6
2014-01,0,1.0,10,10
2014-01,1,0.1,1,10
2014-01,2,0.1,1,10
2014-01,3,0.3,3,10
2014-01,4,0.1,1,10
2014-01,5,0.0,0,10
2014-01,6,0.0,0,10
2014-01,7,0.1,1,10
2014-01,8,0.1,1,10
2014-01,9,0.0,0,10
2014-01,10,0.1,1,10
2014-01,11,0.3,3,10
2014-01,12,0.0,0,10
2014-01,13,0.0,0,10
2014-01,14,0.0,0,10
2014-01,15,0.0,0,10
2014-01,16,0.0,0,10
2014-01,17,0.0,0,10
2014-01,18,0.0,0,10
2014-01,19,0.0,0,10
2014-01,20,0.0,0,10
2014-01,21,0.0,0,10
2014-01,22,0.0,0,10
2014-01,23,0.0,0,10
2014-01,24,0.0,0,10
2014-01,25,0.0,0,10
2014-01,26,0.0,0,10
2014-01,27,0.0,0,10
2014-01,28,0.0,0,10
2014-01,29,0.0,0,10
2014-01,30,0.0,0,10
2014-01,31,0.0,0,10
2014-01,32,0.0,0,10
2014-01,33,0.0,0,10
2014-01,34,0.0,0,10
2014-01,35,0.0,0,10
2014-01,36,0.0,0,10
2014-01,37,0.0,0,10
2014-01,38,0.0,0,10
2014-01,39,0.0,0,10
2014-01,40,0.0,0,10
2014-01,41,0.0,0,10
2014-01,42,0.0,0,10
2014-01,43,0.0,0,10
2014-01,44,0.0,0,10
2014-01,45,0.0,0,10
2014-01,46,0.0,0,10
2014-01,47,0.0,0,10
2014-02,0,1.0,11,11
2014-02,1,0.18181818181818182,2,11
2014-02,2,0.18181818181818182,2,11
2014-02,3,0.09090909090909091,1,11
2014-02,4,0.0,0,11
2014-02,5,0.0,0,11
2014-02,6,0.0,0,11
2014-02,7,0.0,0,11
2014-02,8,0.09090909090909091,1,11
2014-02,9,0.18181818181818182,2,11
2014-02,10,0.0,0,11
2014-02,11,0.0,0,11
2014-02,12,0.0,0,11
2014-02,13,0.0,0,11
2014-02,14,0.0,0,11
2014-02,15,0.0,0,11
2014-02,16,0.0,0,11
2014-02,17,0.0,0,11
2014-02,18,0.0,0,11
2014-02,19,0.0,0,11
2014-02,20,0.0,0,11
2014-02,21,0.0,0,11
2014-02,22,0.0,0,11
2014-02,23,0.0,0,11
2014-02,24,0.0,0,11
2014-02,25,0.0,0,11
2014-02,26,0.0,0,11
2014-02,27,0.0,0,11
2014-02,28,0.0,0,11
2014-02,29,0.0,0,11
2014-02,30,0.0,0,11
2014-02,31,0.0,0,11
2014-02,32,0.0,0,11
2014-02,33,0.0,0,11
2014-02,34,0.0,0,11
2014-02,35,0.0,0,11
2014-02,36,0.0,0,11
2014-02,37,0.0,0,11
2014-02,38,0.0,0,11
2014-02,39,0.0,0,11
2014-02,40,0.0,0,11
2014-02,41,0.0,0,11
2014-02,42,0.0,0,11
2014-02,43,0.0,0,11
2014-02,44,0.0,0,11
2014-02,45,0.0,0,11
2014-02,46,0.0,0,11
2014-02,47,0.0,0,11
2014-03,0,1.0,16,16
2014-03,1,0.0625,1,16
2014-03,2,0.0,0,16
2014-03,3,0.0625,1,16
2014-03,4,0.0,0,16
2014-03,5,0.0,0,16
2014-03,6,0.0625,1,16
2014-03,7,0.0,0,16
2014-03,8,0.125,2,16
2014-03,9,0.0625,1,16
2014-03,10,0.0,0,16
2014-03,11,0.0,0,16
2014-03,12,0.0,0,16
2014-03,13,0.0,0,16
2014-03,14,0.0,0,16
2014-03,15,0.0,0,16
2014-03,16,0.0,0,16
2014-03,17,0.0,0,16
2014-03,18,0.0,0,16
2014-03,19,0.0,0,16
2014-03,20,0.0,0,16
2014-03,21,0.0,0,16
2014-03,22,0.0,0,16
2014-03,23,0.0,0,16
2014-03,24,0.0,0,16
2014-03,25,0.0,0,16
2014-03,26,0.0,0,16
2014-03,27,0.0,0,16
2014-03,28,0.0,0,16
2014-03,29,0.0,0,16
2014-03,30,0.0,0,16
2014-03,31,0.0,0,16
2014-03,32,0.0,0,16
2014-03,33,0.0,0,16
2014-03,34,0.0,0,16
2014-03,35,0.0,0,16
2014-03,36,0.0,0,16
2014-03,37,0.0,0,16
2014-03,38,0.0,0,16
2014-03,39,0.0,0,16
2014-03,40,0.0,0,16
2014-03,41,0.0,0,16
2014-03,42,0.0,0,16
2014-03,43,0.0,0,16
2014-03,44,0.0,0,16
2014-03,45,0.0,0,16
2014-03,46,0.0,0,16
2014-03,47,0.0,0,16
2014-04,0,1.0,13,13
2014-04,1,0.07692307692307693,1,13
2014-04,2,0.0,0,13
2014-04,3,0.0,0,13
2014-04,4,0.07692307692307693,1,13
2014-04,5,0.0,0,13
2014-04,6,0.15384615384615385,2,13
2014-04,7,0.07692307692307693,1,13
2014-04,8,0.0,0,13
2014-04,9,0.0,0,13
2014-04,10,0.0,0,13
2014-04,11,0.0,0,13
2014-04,12,0.0,0,13
2014-04,13,0.0,0,13
2014-04,14,0.0,0,13
2014-04,15,0.0,0,13
2014-04,16,0.0,0,13
2014-04,17,0.0,0,13
2014-04,18,0.0,0,13
2014-04,19,0.0,0,13
2014-04,20,0.0,0,13
2014-04,21,0.0,0,13
2014-04,22,0.0,0,13
2014-04,23,0.0,0,13
2014-04,24,0.0,0,13
2014-04,25,0.0,0,13
2014-04,26,0.0,0,13
2014-04,27,0.0,0,13
2014-04,28,0.0,0,13
2014-04,29,0.0,0,13
2014-04,30,0.0,0,13
2014-04,31,0.0,0,13
2014-04,32,0.0,0,13
2014-04,33,0.0,0,13
2014-04,34,0.0,0,13
2014-04,35,0.0,0,13
2014-04,36,0.0,0,13
2014-04,37,0.0,0,13
2014-04,38,0.0,0,13
2014-04,39,0.0,0,13
2014-04,40,0.0,0,13
2014-04,41,0.0,0,13
2014-04,42,0.0,0,13
2014-04,43,0.0,0,13
2014-04,44,0.0,0,13
2014-04,45,0.0,0,13
2014-04,46,0.0,0,13
2014-04,47,0.0,0,13
2014-05,0,1.0,5,5
2014-05,1,0.0,0,5
2014-05,2,0.0,0,5
2014-05,3,0.0,0,5
2014-05,4,0.0,0,5
2014-05,5,0.0,0,5
2014-05,6,0.0,0,5
2014-05,7,0.0,0,5
2014-05,8,0.0,0,5
2014-05,9,0.0,0,5
2014-05,10,0.0,0,5
2014-05,11,0.0,0,5
2014-05,12,0.0,0,5
2014-05,13,0.0,0,5
2014-05,14,0.0,0,5
2014-05,15,0.0,0,5
2014-05,16,0.0,0,5
2014-05,17,0.0,0,5
2014-05,18,0.0,0,5
2014-05,19,0.0,0,5
2014-05,20,0.0,0,5
2014-05,21,0.0,0,5
2014-05,22,0.0,0,5
2014-05,23,0.0,0,5
2014-05,24,0.0,0,5
2014-05,25,0.0,0,5
2014-05,26,0.0,0,5
2014-05,27,0.0,0,5
2014-05,28,0.0,0,5
2014-05,29,0.0,0,5
2014-05,30,0.0,0,5
2014-05,31,0.0,0,5
2014-05,32,0.0,0,5
2014-05,33,0.0,0,5
2014-05,34,0.0,0,5
2014-05,35,0.0,0,5
2014-05,36,0.0,0,5
2014-05,37,0.0,0,5
2014-05,38,0.0,0,5
2014-05,39,0.0,0,5
2014-05,40,0.0,0,5
2014-05,41,0.0,0,5
2014-05,42,0.0,0,5
2014-05,43,0.0,0,5
2014-05,44,0.0,0,5
2014-05,45,0.0,0,5
2014-05,46,0.0,0,5
2014-05,47,0.0,0,5
2014-06,0,1.0,7,7
2014-06,1,0.0,0,7
2014-06,2,0.14285714285714285,1,7
2014-06,3,0.0,0,7
2014-06,4,0.0,0,7
2014-06,5,0.0,0,7
2014-06,6,0.14285714285714285,1,7
2014-06,7,0.0,0,7
2014-06,8,0.0,0,7
2014-06,9,0.0,0,7
2014-06,10,0.0,0,7
2014-06,11,0.0,0,7
2014-06,12,0.0,0,7
2014-06,13,0.0,0,7
2014-06,14,0.0,0,7
2014-06,15,0.0,0,7
2014-06,16,0.0,0,7
2014-06,17,0.0,0,7
2014-06,18,0.0,0,7
2014-06,19,0.0,0,7
2014-06,20,0.0,0,7
2014-06,21,0.0,0,7
2014-06,22,0.0,0,7
2014-06,23,0.0,0,7
2014-06,24,0.0,0,7
2014-06,25,0.0,0,7
2014-06,26,0.0,0,7
2014-06,27,0.0,0,7
2014-06,28,0.0,0,7
2014-06,29,0.0,0,7
2014-06,30,0.0,0,7
2014-06,31,0.0,0,7
2014-06,32,0.0,0,7
2014-06,33,0.0,0,7
2014-06,34,0.0,0,7
2014-06,35,0.0,0,7
2014-06,36,0.0,0,7
2014-06,37,0.0,0,7
2014-06,38,0.0,0,7
2014-06,39,0.0,0,7
2014-06,40,0.0,0,7
2014-06,41,0.0,0,7
2014-06,42,0.0,0,7
2014-06,43,0.0,0,7
2014-06,44,0.0,0,7
2014-06,45,0.0,0,7
2014-06,46,0.0,0,7
2014-06,47,0.0,0,7
2014-07,0,1.0,10,10
2014-07,1,0.0,0,10
2014-07,2,0.1,1,10
2014-07,3,0.2,2,10
2014-07,4,0.1,1,10
2014-07,5,0.0,0,10
2014-07,6,0.0,0,10
2014-07,7,0.0,0,10
2014-07,8,0.0,0,10
2014-07,9,0.0,0,10
2014-07,10,0.0,0,10
2014-07,11,0.0,0,10
2014-07,12,0.0,0,10
2014-07,13,0.0,0,10
2014-07,14,0.0,0,10
2014-07,15,0.0,0,10
2014-07,16,0.0,0,10
2014-07,17,0.0,0,10
2014-07,18,0.0,0,10
2014-07,19,0.0,0,10
2014-07,20,0.0,0,10
2014-07,21,0.0,0,10
2014-07,22,0.0,0,10
2014-07,23,0.0,0,10
2014-07,24,0.0,0,10
2014-07,25,0.0,0,10
2014-07,26,0.0,0,10
2014-07,27,0.0,0,10
2014-07,28,0.0,0,10
2014-07,29,0.0,0,10
2014-07,30,0.0,0,10
2014-07,31,0.0,0,10
2014-07,32,0.0,0,10
2014-07,33,0.0,0,10
2014-07,34,0.0,0,10
2014-07,35,0.0,0,10
2014-07,36,0.0,0,10
2014-07,37,0.0,0,10
2014-07,38,0.0,0,10
2014-07,39,0.0,0,10
2014-07,40,0.0,0,10
2014-07,41,0.0,0,10
2014-07,42,0.0,0,10
2014-07,43,0.0,0,10
2014-07,44,0.0,0,10
2014-07,45,0.0,0,10
2014-07,46,0.0,0,10
2014-07,47,0.0,0,10
2014-08,0,1.0,2,2
2014-08,1,0.0,0,2
2014-08,2,0.0,0,2
2014-08,3,0.0,0,2
2014-08,4,0.0,0,2
2014-08,5,0.0,0,2
2014-08,6,0.0,0,2
2014-08,7,0.0,0,2
2014-08,8,0.0,0,2
2014-08,9,0.0,0,2
2014-08,10,0.0,0,2
2014-08,11,0.0,0,2
2014-08,12,0.0,0,2
2014-08,13,0.0,0,2
2014-08,14,0.0,0,2
2014-08,15,0.0,0,2
2014-08,16,0.0,0,2
2014-08,17,0.0,0,2
2014-08,18,0.0,0,2
2014-08,19,0.0,0,2
2014-08,20,0.0,0,2
2014-08,21,0.0,0,2
2014-08,22,0.0,0,2
2014-08,23,0.0,0,2
2014-08,24,0.0,0,2
2014-08,25,0.0,0,2
2014-08,26,0.0,0,2
2014-08,27,0.0,0,2
2014-08,28,0.0,0,2
2014-08,29,0.0,0,2
2014-08,30,0.0,0,2
2014-08,31,0.0,0,2
2014-08,32,0.0,0,2
2014-08,33,0.0,0,2
2014-08,34,0.0,0,2
2014-08,35,0.0,0,2
2014-08,36,0.0,0,2
2014-08,37,0.0,0,2
2014-08,38,0.0,0,2
2014-08,39,0.0,0,2
2014-08,40,0.0,0,2
2014-08,41,0.0,0,2
2014-08,42,0.0,0,2
2014-08,43,0.0,0,2
2014-08,44,0.0,0,2
2014-08,45,0.0,0,2
2014-08,46,0.0,0,2
2014-08,47,0.0,0,2
2014-09,0,1.0,3,3
2014-09,1,0.3333333333333333,1,3
2014-09,2,0.0,0,3
2014-09,3,0.3333333333333333,1,3
2014-09,4,0.0,0,3
2014-09,5,0.0,0,3
2014-09,6,0.0,0,3
2014-09,7,0.0,0,3
2014-09,8,0.0,0,3
2014-09,9,0.0,0,3
2014-09,10,0.0,0,3
2014-09,11,0.0,0,3
2014-09,12,0.0,0,3
2014-09,13,0.0,0,3
2014-09,14,0.0,0,3
2014-09,15,0.0,0,3
2014-09,16,0.0,0,3
2014-09,17,0.0,0,3
2014-09,18,0.0,0,3
2014-09,19,0.0,0,3
2014-09,20,0.0,0,3
2014-09,21,0.0,0,3
2014-09,22,0.0,0,3
2014-09,23,0.0,0,3
2014-09,24,0.0,0,3
2014-09,25,0.0,0,3
2014-09,26,0.0,0,3
2014-09,27,0.0,0,3
2014-09,28,0.0,0,3
2014-09,29,0.0,0,3
2014-09,30,0.0,0,3
2014-09,31,0.0,0,3
2014-09,32,0.0,0,3
2014-09,33,0.0,0,3
2014-09,34,0.0,0,3
2014-09,35,0.0,0,3
2014-09,36,0.0,0,3
2014-09,37,0.0,0,3
2014-09,38,0.0,0,3
2014-09,39,0.0,0,3
2014-09,40,0.0,0,3
2014-09,41,0.0,0,3
2014-09,42,0.0,0,3
2014-09,43,0.0,0,3
2014-09,44,0.0,0,3
2014-09,45,0.0,0,3
2014-09,46,0.0,0,3
2014-09,47,0.0,0,3
2014-10,0,1.0,5,5
2014-10,1,0.0,0,5
2014-10,2,0.0,0,5
2014-10,3,0.0,0,5
2014-10,4,0.0,0,5
2014-10,5,0.0,0,5
2014-10,6,0.0,0,5
2014-10,7,0.0,0,5
2014-10,8,0.0,0,5
2014-10,9,0.0,0,5
2014-10,10,0.0,0,5
2014-10,11,0.0,0,5
2014-10,12,0.0,0,5
2014-10,13,0.0,0,5
2014-10,14,0.0,0,5
2014-10,15,0.0,0,5
2014-10,16,0.0,0,5
2014-10,17,0.0,0,5
2014-10,18,0.0,0,5
2014-10,19,0.0,0,5
2014-10,20,0.0,0,5
2014-10,21,0.0,0,5
2014-10,22,0.0,0,5
2014-10,23,0.0,0,5
2014-10,24,0.0,0,5
2014-10,25,0.0,0,5
2014-10,26,0.0,0,5
2014-10,27,0.0,0,5
2014-10,28,0.0,0,5
2014-10,29,0.0,0,5
2014-10,30,0.0,0,5
2014-10,31,0.0,0,5
2014-10,32,0.0,0,5
2014-10,33,0.0,0,5
2014-10,34,0.0,0,5
2014-10,35,0.0,0,5
2014-10,36,0.0,0,5
2014-10,37,0.0,0,5
2014-10,38,0.0,0,5
2014-10,39,0.0,0,5
2014-10,40,0.0,0,5
2014-10,41,0.0,0,5
2014-10,42,0.0,0,5
2014-10,43,0.0,0,5
2014-10,44,0.0,0,5
2014-10,45,0.0,0,5
2014-10,46,0.0,0,5
2014-10,47,0.0,0,5
2014-11,0,1.0,8,8
2014-11,1,0.125,1,8
2014-11,2,0.0,0,8
2014-11,3,0.0,0,8
2014-11,4,0.0,0,8
2014-11,5,0.0,0,8
2014-11,6,0.0,0,8
2014-11,7,0.0,0,8
2014-11,8,0.0,0,8
2014-11,9,0.0,0,8
2014-11,10,0.0,0,8
2014-11,11,0.0,0,8
2014-11,12,0.0,0,8
2014-11,13,0.0,0,8
2014-11,14,0.0,0,8
2014-11,15,0.0,0,8
2014-11,16,0.0,0,8
2014-11,17,0.0,0,8
2014-11,18,0.0,0,8
2014-11,19,0.0,0,8
2014-11,20,0.0,0,8
2014-11,21,0.0,0,8
2014-11,22,0.0,0,8
2014-11,23,0.0,0,8
2014-11,24,0.0,0,8
2014-11,25,0.0,0,8
2014-11,26,0.0,0,8
2014-11,27,0.0,0,8
2014-11,28,0.0,0,8
2014-11,29,0.0,0,8
2014-11,30,0.0,0,8
2014-11,31,0.0,0,8
2014-11,32,0.0,0,8
2014-11,33,0.0,0,8
2014-11,34,0.0,0,8
2014-11,35,0.0,0,8
2014-11,36,0.0,0,8
2014-11,37,0.0,0,8
2014-11,38,0.0,0,8
2014-11,39,0.0,0,8
2014-11,40,0.0,0,8
2014-11,41,0.0,0,8
2014-11,42,0.0,0,8
2014-11,43,0.0,0,8
2014-11,44,0.0,0,8
2014-11,45,0.0,0,8
2014-11,46,0.0,0,8
2014-11,47,0.0,0,8
2014-12,0,1.0,2,2
2014-12,1,0.0,0,2
2014-12,2,0.0,0,2
2014-12,3,0.0,0,2
2014-12,4,0.0,0,2
2014-12,5,0.0,0,2
2014-12,6,0.0,0,2
2014-12,7,0.0,0,2
2014-12,8,0.0,0,2
2014-12,9,0.0,0,2
2014-12,10,0.0,0,2
2014-12,11,0.0,0,2
2014-12,12,0.0,0,2
2014-12,13,0.0,0,2
2014-12,14,0.0,0,2
2014-12,15,0.0,0,2
2014-12,16,0.0,0,2
2014-12,17,0.0,0,2
2014-12,18,0.0,0,2
2014-12,19,0.0,0,2
2014-12,20,0.0,0,2
2014-12,21,0.0,0,2
2014-12,22,0.0,0,2
2014-12,23,0.0,0,2
2014-12,24,0.0,0,2
2014-12,25,0.0,0,2
2014-12,26,0.0,0,2
2014-12,27,0.0,0,2
2014-12,28,0.0,0,2
2014-12,29,0.0,0,2
2014-12,30,0.0,0,2
2014-12,31,0.0,0,2
2014-12,32,0.0,0,2
2014-12,33,0.0,0,2
2014-12,34,0.0,0,2
2014-12,35,0.0,0,2
2014-12,36,0.0,0,2
2014-12,37,0.0,0,2
2014-12,38,0.0,0,2
2014-12,39,0.0,0,2
2014-12,40,0.0,0,2
2014-12,41,0.0,0,2
2014-12,42,0.0,0,2
2014-12,43,0.0,0,2
2014-12,44,0.0,0,2
2014-12,45,0.0,0,2
2014-12,46,0.0,0,2
2014-12,47,0.0,0,2
