customer_id,first_order,last_order,orders,revenue,profit,avg_discount,first_order_discount,first_order_profit,lifespan_days,customer_type,margin_pct,avg_order_value,profit_decile,acquisition_year
AA-10315,2012-04-10,2013-04-03,2,4433.032,-740.0925000000001,0.1,0.0,7.0096,358,Repeat,-16.694950544006904,2216.516,10,2012
AA-10375,2012-03-02,2014-12-12,5,407.11800000000005,133.0429,0.09333333333333334,0.0,62.0658,1015,Repeat,32.679198659848005,81.42360000000001,4,2012
AA-10480,2011-04-05,2011-04-05,1,27.46,9.8856,0.0,0.0,9.8856,0,One-time,36.0,27.46,8,2011
AA-10645,2011-01-12,2014-06-11,4,2008.705,438.52500000000003,0.009375,0.0,97.6772,1246,Repeat,21.83122957328229,502.17625,2,2011
AB-10015,2011-07-03,2013-11-11,2,873.5319999999999,131.8713,0.03333333333333333,0.06666666666666667,15.0033,862,Repeat,15.09633304790208,436.76599999999996,4,2011
AB-10060,2013-02-09,2014-08-05,4,7354.214,1924.0062,0.03666666666666667,0.08,1453.4346,542,Repeat,26.161955580841134,1838.5535,1,2013
AB-10105,2012-07-11,2014-06-06,4,1299.154,-76.3793,0.2,0.39999999999999997,-142.6601,695,Repeat,-5.879156743542336,324.7885,9,2012
AB-10150,2011-05-03,2014-05-09,3,812.462,307.7547,0.013333333333333334,0.04,261.19010000000003,1102,Repeat,37.8792731229276,270.8206666666667,2,2011
AB-10165,2012-10-05,2014-06-12,2,86.48,10.886200000000002,0.2,0.2,-2.918,615,Repeat,12.588112858464388,43.24,8,2012
AB-10255,2012-03-12,2014-03-06,3,121.582,36.0953,0.16666666666666666,0.2,16.1266,724,Repeat,29.688029478047742,40.52733333333333,6,2012
AB-10600,2014-11-11,2014-11-11,1,1475.054,-256.5716,0.4,0.4,-256.5716,0,One-time,-17.394047946719237,1475.054,10,2014
AC-10420,2011-12-07,2011-12-07,1,706.064,-14.6632,0.2,0.2,-14.6632,0,One-time,-2.0767522490879013,706.064,9,2011
AC-10450,2012-08-11,2014-04-10,2,1864.192,868.8854,0.05,0.1,25.7148,607,Repeat,46.60922265517715,932.096,1,2012
AC-10615,2014-03-09,2014-03-09,1,2255.868,297.8179,0.05833333333333334,0.05833333333333334,297.8179,0,One-time,13.201920502440746,2255.868,2,2014
AD-10180,2012-04-07,2014-02-12,3,1096.03,345.3628,0.0,0.0,4.4892,676,Repeat,31.510341870204282,365.3433333333333,2,2012
AF-10870,2012-06-12,2013-07-05,2,37.164,-6.542399999999999,0.25,0.0,2.0228,388,Repeat,-17.604133031966416,18.582,9,2012
AF-10885,2011-10-05,2013-11-11,3,489.905,-264.3029,0.4166666666666667,0.35,-211.6773,768,Repeat,-53.94982700727692,163.30166666666665,10,2011
AG-10300,2013-06-12,2014-04-09,2,87.89999999999999,22.1538,0.0,0.0,20.485,301,Repeat,25.20341296928328,43.949999999999996,7,2013
AG-10330,2013-04-08,2014-11-12,2,357.62,102.70579999999998,0.05,0.0,61.742999999999995,583,Repeat,28.7192550752195,178.81,5,2013
AG-10390,2011-03-09,2014-08-09,3,38.864000000000004,15.7668,0.06666666666666667,0.0,7.056,1249,Repeat,40.56916426512968,12.954666666666668,8,2011
AG-10495,2012-04-01,2012-11-11,3,1672.006,329.6297,0.10714285714285714,0.0,69.1992,224,Repeat,19.714624229817357,557.3353333333333,2,2012
AG-10525,2011-02-09,2012-07-09,4,1455.038,-152.7613,0.18000000000000002,0.4,-121.2705,516,Repeat,-10.498784224192084,363.7595,10,2011
AG-10675,2012-07-05,2014-10-06,4,2943.4796,-346.64200000000005,0.12,0.25,-25.9938,823,Repeat,-11.776606163671053,735.8699,10,2012
AG-10765,2012-09-06,2012-09-11,2,123.83999999999999,61.7052,0.0,0.0,56.55,5,Repeat,49.8265503875969,61.919999999999995,6,2012
AG-10900,2012-05-09,2014-04-09,4,2246.513,73.52960000000004,0.24166666666666667,0.16666666666666666,-15.831800000000001,700,Repeat,3.273054729707776,561.62825,5,2012
AH-10120,2013-01-07,2014-09-04,4,664.87,264.1083,0.225,0.2,-0.6265,605,Repeat,39.723299291590834,166.2175,3,2013
AH-10195,2012-05-03,2014-06-11,2,148.97,-38.2008,0.525,0.25,-12.5528,769,Repeat,-25.64328388266094,74.485,9,2012
AH-10210,2012-07-12,2014-09-03,4,2634.388,1091.6332,0.058333333333333334,0.13333333333333333,233.9924,783,Repeat,41.437829203594916,658.597,1,2012
AH-10465,2012-03-01,2014-03-04,3,1843.8816,-346.9914,0.14666666666666667,0.24,-352.0866,733,Repeat,-18.818529345918957,614.6272,10,2012
AH-10585,2014-07-07,2014-10-12,2,255.22400000000002,28.919,0.2,0.2,23.924,97,Repeat,11.330830956336394,127.61200000000001,7,2014
AH-10690,2011-02-04,2013-07-08,7,2987.438,116.082,0.20238095238095238,0.0,46.1968,885,Repeat,3.8856705980174313,426.7768571428572,4,2011
AI-10855,2011-10-05,2014-12-12,5,1745.5979999999997,563.5145,0.12571428571428572,0.1,81.8437,1164,Repeat,32.282031716351646,349.11959999999993,1,2011
AJ-10780,2011-11-01,2011-11-01,1,54.83,22.6537,0.0,0.0,22.6537,0,One-time,41.316250227977385,54.83,7,2011
AJ-10795,2013-05-01,2013-05-01,1,255.904,46.4568,0.20000000000000004,0.20000000000000004,46.4568,0,One-time,18.153995248218084,255.904,6,2013
AJ-10945,2011-03-03,2014-07-10,4,1442.0,462.0244,0.1,0.2,3.4048,1225,Repeat,32.040527045769764,360.5,2,2011
AM-10360,2011-06-10,2014-03-12,2,194.25,66.02459999999999,0.04,0.0,7.68,1006,Repeat,33.98949806949806,97.125,6,2011
AM-10705,2014-05-04,2014-05-04,1,383.84,47.98,0.2,0.2,47.98,0,One-time,12.5,383.84,6,2014
AP-10720,2011-03-03,2013-09-09,3,1368.072,303.33509999999995,0.08253968253968254,0.13333333333333333,54.6459,921,Repeat,22.172451449923685,456.02399999999994,2,2011
AP-10915,2011-11-11,2014-04-09,4,1494.008,362.9127,0.085,0.1,19.1896,880,Repeat,24.291215308084023,373.502,2,2011
AR-10345,2012-10-09,2014-11-09,3,279.966,21.385199999999998,0.16666666666666666,0.3,-2.5698,761,Repeat,7.63849896058807,93.322,7,2012
AR-10405,2011-03-10,2011-03-10,1,265.784,17.3504,0.2,0.2,17.3504,0,One-time,6.528007705505222,265.784,7,2011
AR-10510,2011-02-05,2011-02-05,1,26.136,1.9602,0.2,0.2,1.9602,0,One-time,7.499999999999999,26.136,8,2011
AR-10540,2012-11-04,2012-11-04,1,692.728,240.2588,0.1,0.1,240.2588,0,One-time,34.68299245880057,692.728,3,2012
AR-10825,2012-08-03,2014-03-11,4,1385.0099999999998,-36.89140000000001,0.14166666666666666,0.0,9.3312,585,Repeat,-2.6636197572580715,346.25249999999994,9,2012
AS-10045,2014-02-08,2014-05-09,4,2475.846,-377.95079999999996,0.4583333333333333,0.30000000000000004,-251.2959,90,Repeat,-15.265521361183206,618.9615,10,2014
AS-10090,2012-09-11,2014-03-12,5,1286.9660000000001,284.81919999999997,0.14,0.0,243.861,547,Repeat,22.131058629365498,257.39320000000004,2,2012
AS-10225,2012-04-05,2014-09-12,3,261.88,27.498,0.06666666666666667,0.0,12.864,890,Repeat,10.500229112570644,87.29333333333334,7,2012
AS-10240,2011-11-10,2013-08-04,2,77.91199999999999,9.9326,0.1,0.0,3.7436,633,Repeat,12.748485470787557,38.955999999999996,8,2011
AS-10285,2013-05-11,2014-12-12,4,3029.12,284.0546,0.15000000000000002,0.0,35.6796,580,Repeat,9.377462761462075,757.28,2,2013
AS-10630,2011-01-08,2014-01-05,4,443.064,71.55030000000001,0.15000000000000002,0.2,1.917,1093,Repeat,16.148976220139755,110.766,6,2011
AT-10435,2012-06-09,2014-10-12,3,1111.052,93.6038,0.25555555555555554,0.7,-2.5256,855,Repeat,8.42479019883858,370.35066666666665,5,2012
AT-10735,2011-03-11,2014-08-07,4,304.628,74.5304,0.15000000000000002,0.2,49.7286,1245,Repeat,24.466037265123365,76.157,5,2011
AW-10840,2014-03-09,2014-11-12,2,606.232,79.2698,0.13333333333333333,0.06666666666666667,52.325,248,Repeat,13.075819158342023,303.116,5,2014
AW-10930,2013-08-10,2014-01-09,2,701.008,81.45160000000001,0.2,0.2,1.7248,152,Repeat,11.619211193024903,350.504,5,2013
AY-10555,2011-06-04,2011-06-04,1,199.99,64.5077,0.0,0.0,64.5077,0,One-time,32.25546277313866,199.99,6,2011
AZ-10750,2012-12-05,2013-05-02,2,955.5959999999999,42.4516,0.05,0.0,9.8901,148,Repeat,4.442421274262346,477.79799999999994,6,2012
BB-10990,2012-02-11,2014-02-06,3,453.26,5.971900000000007,0.3,0.5,-8.215999999999994,726,Repeat,1.3175440144729311,151.08666666666667,8,2012
BB-11545,2012-05-06,2014-12-11,4,2691.5879999999997,214.6245,0.14583333333333334,0.0,4.752,949,Repeat,7.973898679887116,672.8969999999999,3,2012
BC-11125,2011-06-07,2014-12-06,3,1350.8539999999998,104.01639999999999,0.13333333333333333,0.2,47.848,1278,Repeat,7.700047525491282,450.2846666666666,5,2011
BD-11320,2012-10-08,2014-11-06,3,673.501,32.1526,0.12222222222222222,0.0,29.1375,759,Repeat,4.773949853081138,224.50033333333332,7,2012
BD-11500,2011-02-02,2011-02-02,1,468.9,206.316,0.0,0.0,206.316,0,One-time,44.0,468.9,3,2011
BD-11605,2012-11-06,2012-11-06,1,207.82,68.9878,0.0,0.0,68.9878,0,One-time,33.19593879318641,207.82,6,2012
BD-11620,2013-02-10,2014-01-01,3,611.784,8.175400000000003,0.23333333333333336,0.2,12.178,325,Repeat,1.3363213160200338,203.928,8,2013
BD-11635,2011-05-10,2012-05-12,2,511.646,113.844,0.15000000000000002,0.2,11.49,368,Repeat,22.25054041270722,255.823,4,2011
BD-11725,2012-03-07,2014-04-08,2,541.62,185.4807,0.0,0.0,149.48430000000002,762,Repeat,34.245541154314836,270.81,3,2012
BD-11770,2013-03-05,2014-07-02,5,653.698,140.7882,0.14,0.2,5.397,484,Repeat,21.537193015735095,130.7396,4,2013
BE-11335,2014-03-09,2014-03-09,1,3480.96,1234.3688,0.0,0.0,1234.3688,0,One-time,35.460585585585584,3480.96,1,2014
BE-11410,2013-07-02,2013-07-02,1,30.352,10.6232,0.2,0.2,10.6232,0,One-time,35.00000000000001,30.352,8,2013
BE-11455,2012-02-08,2013-07-05,4,722.126,178.5798,0.05000000000000001,0.0,107.5103,513,Repeat,24.729728606919014,180.5315,3,2012
BF-10975,2011-01-08,2014-01-10,4,246.83800000000002,62.465300000000006,0.2125,0.2,57.644800000000004,1098,Repeat,25.306192725593306,61.709500000000006,6,2011
BF-11005,2013-06-05,2013-06-05,1,252.148,22.5563,0.1,0.1,22.5563,0,One-time,8.945658898742009,252.148,7,2013
BF-11020,2013-03-08,2014-09-09,4,1755.834,10.659700000000004,0.27708333333333335,0.20000000000000004,53.413799999999995,550,Repeat,0.6071018103078084,438.9585,8,2013
BF-11080,2014-06-12,2014-06-12,1,32.67,15.1389,0.0,0.0,15.1389,0,One-time,46.3388429752066,32.67,8,2014
BF-11170,2011-12-07,2014-07-03,4,553.25,71.7974,0.22499999999999998,0.1,73.7478,939,Repeat,12.9773881608676,138.3125,5,2011
BF-11215,2011-09-11,2013-10-06,2,749.46,194.7126,0.0,0.0,21.4776,756,Repeat,25.980385877832042,374.73,3,2011
BF-11275,2014-04-11,2014-11-07,2,403.28599999999994,37.9998,0.1,0.2,27.1032,210,Repeat,9.42254380266114,201.64299999999997,6,2014
BG-11035,2011-05-11,2014-03-12,5,890.3439999999999,275.8614,0.08,0.0,40.473,1036,Repeat,30.983687204046976,178.06879999999998,3,2011
BG-11695,2011-11-05,2012-05-01,2,126.078,37.9953,0.03333333333333333,0.0,9.6957,178,Repeat,30.136344167896066,63.039,6,2011
BG-11740,2013-07-09,2014-04-11,2,497.152,37.2864,0.2,0.2,0.8088,276,Repeat,7.5,248.576,6,2013
BH-11710,2011-09-06,2014-08-12,5,6011.232,785.7397,0.11285714285714285,0.1142857142857143,300.76869999999997,1071,Repeat,13.071192394504155,1202.2464,1,2011
BK-11260,2011-03-08,2013-12-11,3,485.12999999999994,-126.794,0.17222222222222225,0.0,51.1464,1009,Repeat,-26.13608723434956,161.70999999999998,10,2011
BM-11140,2011-08-09,2013-05-12,3,11432.84,-1759.8592999999998,0.153968253968254,0.3285714285714286,-1878.7892,642,Repeat,-15.393019582186053,3810.9466666666667,10,2011
BM-11575,2013-02-01,2013-02-01,1,405.91999999999996,105.541,0.0,0.0,105.541,0,One-time,26.00044343713047,405.91999999999996,5,2013
BM-11650,2011-09-07,2014-10-11,3,3774.9730000000004,1151.9913999999999,0.075,0.2,8.113800000000001,1130,Repeat,30.5165467408641,1258.3243333333335,1,2011
BM-11785,2011-02-09,2012-03-10,3,628.848,59.9672,0.19999999999999998,0.2,95.1888,395,Repeat,9.536040505813807,209.61599999999999,6,2011
BN-11470,2011-12-09,2014-07-12,2,203.104,27.5643,0.10000000000000002,0.20000000000000004,24.680699999999998,946,Repeat,13.571520009453284,101.552,7,2011
BN-11515,2014-02-09,2014-02-09,1,114.9,39.066,0.0,0.0,39.066,0,One-time,34.0,114.9,6,2014
BO-11350,2013-03-01,2014-04-05,3,2590.76,252.99500000000003,0.1911111111111111,0.0,355.773,400,Repeat,9.76528123021816,863.5866666666667,3,2013
BO-11425,2012-10-09,2012-10-09,1,6.08,2.0672,0.0,0.0,2.0672,0,One-time,34.00000000000001,6.08,8,2012
BP-11050,2011-12-10,2014-09-10,2,65.0,13.619599999999998,0.1,0.2,2.502,1005,Repeat,20.953230769230768,32.5,8,2011
BP-11095,2011-07-06,2014-01-12,4,233.30599999999998,16.4336,0.30000000000000004,0.8,-20.5623,921,Repeat,7.043796559025486,58.326499999999996,8,2011
BP-11155,2012-04-06,2014-11-07,4,1216.286,476.41279999999995,0.05,0.0,431.98199999999997,945,Repeat,39.16947165387087,304.0715,2,2012
BP-11185,2013-04-01,2014-11-12,3,586.9759999999999,-0.23279999999999745,0.21666666666666665,0.44999999999999996,-79.594,590,Repeat,-0.03966090606770933,195.65866666666662,9,2013
BP-11290,2011-03-10,2014-10-01,3,784.777,-339.5546,0.44166666666666665,0.3,-70.1043,1301,Repeat,-43.26765437825012,261.59233333333333,10,2011
BS-11365,2011-04-05,2011-04-05,1,69.86,22.932000000000002,0.0,0.0,22.932000000000002,0,One-time,32.825651302605216,69.86,7,2011
BS-11380,2012-03-12,2014-03-12,2,2505.9759999999997,-109.84080000000006,0.27142857142857146,0.2,206.6232,730,Repeat,-4.383154507465358,1252.9879999999998,10,2012
BS-11590,2011-05-12,2012-06-09,2,1627.362,277.7819,0.1,0.2,174.2904,394,Repeat,17.069459653107298,813.681,2,2011
BS-11755,2011-03-08,2014-11-04,4,1507.742,-31.811000000000018,0.175,0.35,-161.5825,1337,Repeat,-2.109843726579217,376.9355,9,2011
BS-11800,2014-10-04,2014-10-04,1,760.8,116.9461,0.0,0.0,116.9461,0,One-time,15.371464248159834,760.8,4,2014
BT-11305,2012-01-12,2012-06-09,2,211.816,82.5034,0.05,0.0,5.56,149,Repeat,38.95050421120217,105.908,5,2012
BT-11395,2014-04-03,2014-04-03,1,399.672,-14.9877,0.2,0.2,-14.9877,0,One-time,-3.7499999999999996,399.672,9,2014
BT-11440,2011-04-06,2011-04-06,1,440.04799999999994,-12.374399999999998,0.05,0.05,-12.374399999999998,0,One-time,-2.812056866523652,440.04799999999994,9,2011
BT-11485,2013-12-03,2013-12-03,1,30.336,9.48,0.2,0.2,9.48,0,One-time,31.25,30.336,8,2013
BT-11530,2014-01-10,2014-01-10,1,159.98,47.994,0.0,0.0,47.994,0,One-time,30.0,159.98,6,2014
BT-11680,2012-08-10,2014-11-12,4,2048.326,588.4446,0.1125,0.2,0.559,824,Repeat,28.728073558603466,512.0815,1,2012
BW-11065,2012-11-08,2014-02-06,2,370.896,-65.0118,0.2,0.2,12.1149,455,Repeat,-17.528309822699622,185.448,9,2012
BW-11110,2013-09-10,2014-08-01,4,3893.812,727.7427,0.2,0.6,-32.32,325,Repeat,18.689723592202192,973.453,1,2013
BW-11200,2011-12-08,2014-11-06,3,920.3520000000001,67.89200000000001,0.3,0.1,82.00880000000001,1064,Repeat,7.376742811446055,306.78400000000005,6,2011
CA-11965,2012-05-04,2012-05-04,1,892.224,89.2224,0.2,0.2,89.2224,0,One-time,10.0,892.224,5,2012
CA-12055,2012-05-09,2013-09-08,2,1106.0439999999999,107.04820000000002,0.36666666666666664,0.6,-47.729,487,Repeat,9.678475720676577,553.0219999999999,5,2012
CA-12265,2013-07-02,2014-05-11,3,902.076,121.1974,0.10833333333333334,0.0,24.6018,313,Repeat,13.435386818848965,300.692,4,2013
CA-12310,2013-03-01,2014-10-12,2,471.424,16.2474,0.2,0.20000000000000004,2.097999999999999,590,Repeat,3.446451601954928,235.712,8,2013
CA-12775,2012-11-12,2014-02-09,3,829.152,239.3762,0.06666666666666667,0.0,103.178,454,Repeat,28.870002122650614,276.384,3,2012
CB-12025,2014-06-02,2014-12-09,4,807.6600000000001,-263.4423,0.17500000000000002,0.5,-426.274,190,Repeat,-32.61797043310303,201.91500000000002,10,2014
CB-12415,2012-05-11,2014-05-12,3,151.958,-71.0343,0.4166666666666667,0.44999999999999996,-3.4938000000000002,731,Repeat,-46.746008765579965,50.65266666666667,9,2012
CB-12535,2012-02-01,2014-06-03,5,1107.342,440.8114,0.04,0.0,34.5112,853,Repeat,39.808062911006715,221.46840000000003,2,2012
CC-12100,2013-08-07,2013-08-07,1,85.209,-22.3352,0.5,0.5,-22.3352,0,One-time,-26.212254574047343,85.209,9,2013
CC-12145,2012-07-09,2013-09-08,3,109.596,4.2612,0.09999999999999999,0.3,-2.0364,426,Repeat,3.888098105770283,36.532000000000004,8,2012
CC-12220,2011-04-10,2014-11-12,8,2528.232,182.82799999999997,0.1,0.1,-6.549,1312,Repeat,7.231456606830384,316.029,3,2011
CC-12370,2013-08-07,2014-07-11,2,3138.116,963.9225,0.4666666666666667,0.13333333333333333,965.8569,338,Repeat,30.716598749058353,1569.058,1,2013
CC-12430,2012-06-09,2014-07-11,4,820.1800000000001,188.04309999999998,0.05,0.1,60.392,762,Repeat,22.927052598210146,205.04500000000002,3,2012
CC-12475,2013-03-05,2014-12-09,7,1555.294,144.8974,0.10476190476190476,0.1,28.534799999999997,644,Repeat,9.316399343146697,222.18485714285717,4,2013
CC-12550,2014-02-12,2014-04-12,2,65.856,29.073,0.15000000000000002,0.1,25.444200000000002,59,Repeat,44.14631924198251,32.928,7,2014
CC-12610,2012-07-09,2013-11-10,2,368.394,-167.9481,0.2833333333333333,0.2,12.3144,489,Repeat,-45.58926041140735,184.197,10,2012
CC-12670,2012-12-09,2014-02-12,3,416.27,66.03450000000001,0.022222222222222223,0.0,8.5722,430,Repeat,15.863381939606509,138.75666666666666,6,2012
CC-12685,2012-09-01,2012-09-01,1,364.07,131.0797,0.0,0.0,131.0797,0,One-time,36.003982750569946,364.07,4,2012
CD-11980,2014-07-11,2014-07-11,1,318.96,149.9112,0.0,0.0,149.9112,0,One-time,47.00000000000001,318.96,4,2014
CD-12280,2014-06-11,2014-06-11,1,796.036,118.909,0.1125,0.1125,118.909,0,One-time,14.937641011210552,796.036,4,2014
CD-12790,2011-03-02,2011-03-02,1,12.35,5.8045,0.0,0.0,5.8045,0,One-time,47.00000000000001,12.35,8,2011
CG-12040,2012-01-06,2014-12-11,3,97.56,22.7802,0.06666666666666667,0.0,5.7624,1070,Repeat,23.349938499384994,32.52,7,2012
CG-12520,2013-09-11,2013-09-11,1,993.9000000000001,261.49559999999997,0.0,0.0,261.49559999999997,0,One-time,26.310051313009353,993.9000000000001,3,2013
CH-12070,2013-08-02,2013-08-02,1,1127.976,126.8973,0.2,0.2,126.8973,0,One-time,11.249999999999998,1127.976,4,2013
CJ-12010,2013-04-12,2014-02-05,4,9166.278,921.5174000000002,0.24583333333333335,0.44999999999999996,79.2152,299,Repeat,10.053343352667246,2291.5695,1,2013
CK-12205,2011-11-03,2014-08-08,4,400.256,-13.436500000000002,0.17500000000000002,0.2,3.9883999999999995,1009,Repeat,-3.3569765350175897,100.064,9,2011
CK-12325,2011-02-06,2014-02-09,3,356.54799999999994,103.4746,0.03333333333333333,0.1,41.4336,1099,Repeat,29.021225753615223,118.84933333333332,5,2011
CK-12595,2012-11-07,2013-09-04,3,1380.304,251.7939,0.12777777777777777,0.3833333333333333,-39.385799999999996,301,Repeat,18.24191627351656,460.10133333333334,3,2012
CK-12760,2011-08-02,2014-10-10,5,932.825,-390.8183,0.13999999999999999,0.0,49.6048,1165,Repeat,-41.89620775600997,186.565,10,2011
CL-11890,2013-02-12,2014-11-06,2,56.77199999999999,19.3644,0.1,0.0,4.3524,632,Repeat,34.10906785034877,28.385999999999996,7,2013
CL-12565,2011-02-09,2013-09-05,6,3232.852,340.1485,0.10000000000000002,0.0,8.0712,939,Repeat,10.521623012745403,538.8086666666667,2,2011
CM-11815,2014-11-03,2014-11-03,1,111.96,21.2724,0.0,0.0,21.2724,0,One-time,19.000000000000004,111.96,7,2014
CM-12115,2014-01-04,2014-03-10,2,1169.02,258.46850000000006,0.05,0.0,220.23060000000004,65,Repeat,22.109844142957353,584.51,3,2014
CM-12160,2014-05-12,2014-05-12,1,5.346,-4.455,0.7,0.7,-4.455,0,One-time,-83.33333333333333,5.346,9,2014
CM-12190,2012-09-11,2014-04-08,2,194.72400000000002,-32.5593,0.25,0.2,4.1151,574,Repeat,-16.720743205768162,97.36200000000001,9,2012
CM-12235,2013-02-05,2013-11-12,2,839.02,297.24519999999995,0.05,0.0,67.5444,280,Repeat,35.42766560987819,419.51,2,2013
CM-12385,2014-04-01,2014-04-01,1,2031.3919999999998,685.6176,0.1,0.1,685.6176,0,One-time,33.751122383075256,2031.3919999999998,1,2014
CM-12445,2011-09-06,2011-09-06,1,30.46,10.7732,0.0,0.0,10.7732,0,One-time,35.36835193696651,30.46,8,2011
CM-12655,2012-03-11,2014-04-12,4,3595.608,1016.6927000000001,0.016666666666666666,0.06666666666666667,160.5256,762,Repeat,28.275960560773033,898.902,1,2012
CM-12715,2011-07-03,2012-01-03,3,3915.9224,173.0182,0.2866666666666667,0.1,85.51060000000001,184,Repeat,4.418325552110021,1305.3074666666666,4,2011
CP-12085,2011-04-12,2014-10-10,3,414.02,160.875,0.13333333333333333,0.0,62.3904,1277,Repeat,38.856818511183036,138.00666666666666,4,2011
CP-12340,2012-07-11,2013-04-06,2,1432.7189999999998,-1046.2325,0.44999999999999996,0.7,-1044.4553,269,Repeat,-73.02426365532949,716.3594999999999,10,2012
CR-12580,2014-04-11,2014-04-11,1,1872.934,108.8048,0.1,0.1,108.8048,0,One-time,5.809323766881268,1872.934,5,2014
CR-12625,2011-01-06,2011-01-06,1,334.68,104.7888,0.0,0.0,104.7888,0,One-time,31.31014700609537,334.68,5,2011
CR-12820,2014-07-10,2014-07-10,1,681.9100000000001,133.2009,0.0,0.0,133.2009,0,One-time,19.533501488466214,681.9100000000001,4,2014
CS-11845,2012-02-04,2014-12-02,3,1244.658,191.4511,0.3333333333333333,0.8,-13.734,1032,Repeat,15.381823762029411,414.88599999999997,3,2012
CS-11860,2011-02-05,2014-03-06,2,505.328,99.1842,0.2,0.2,89.997,1125,Repeat,19.627687363455024,252.664,5,2011
CS-11950,2011-08-06,2014-08-05,6,1478.326,-16.682699999999997,0.3666666666666667,0.2,73.194,1095,Repeat,-1.1284858684755594,246.38766666666666,9,2011
CS-12130,2011-05-08,2011-05-08,1,472.044,84.36160000000001,0.06666666666666667,0.06666666666666667,84.36160000000001,0,One-time,17.87155434662871,472.044,5,2011
CS-12175,2011-12-08,2014-07-04,2,204.31,92.165,0.35,0.0,98.105,939,Repeat,45.11037149429788,102.155,5,2011
CS-12250,2011-08-02,2014-09-10,5,575.4,186.8039,0.05,0.0,9.744,1135,Repeat,32.46505039972193,115.08,3,2011
CS-12355,2012-04-09,2014-08-07,2,936.962,264.61199999999997,0.1,0.0,258.2784,850,Repeat,28.241486847919123,468.481,3,2012
CS-12400,2012-02-10,2014-08-04,5,2782.0785,-399.3225,0.2,0.0,75.6952,906,Repeat,-14.353387224695492,556.4157,10,2012
CS-12460,2014-04-07,2014-04-12,2,550.644,156.2593,0.05,0.0,83.26960000000001,5,Repeat,28.37755428189538,275.322,4,2014
CS-12490,2012-12-01,2013-02-11,2,501.106,-51.1625,0.26,0.32,-58.142,72,Repeat,-10.209915666545601,250.553,9,2012
CS-12505,2012-12-05,2014-03-11,2,206.62,61.040000000000006,0.0,0.0,17.334,461,Repeat,29.542154680089055,103.31,6,2012
CT-11995,2011-07-05,2014-05-06,2,1099.99,218.31939999999997,0.0375,0.075,215.8138,1036,Repeat,19.84739861271466,549.995,3,2011
CV-12295,2011-02-09,2013-05-09,2,387.236,105.9725,0.13333333333333333,0.2,53.9946,820,Repeat,27.366386389695172,193.618,5,2011
CV-12805,2013-02-09,2014-05-09,4,1101.3799999999999,-5.093200000000014,0.19,0.0,10.94,454,Repeat,-0.4624380322867688,275.34499999999997,9,2013
CW-11905,2011-09-06,2014-09-12,3,785.852,199.95680000000002,0.11111111111111112,0.20000000000000004,17.153999999999996,1102,Repeat,25.44458753047648,261.9506666666667,3,2011
CY-12745,2011-12-12,2014-01-11,3,816.352,-254.22660000000002,0.3333333333333333,0.8,-336.6272,761,Repeat,-31.141786876249466,272.1173333333333,10,2011
Co-12640,2012-02-08,2012-02-08,1,564.768,44.0292,0.2,0.2,44.0292,0,One-time,7.795979942206357,564.768,6,2012
DA-13450,2011-10-09,2011-10-09,1,9.64,4.7236,0.0,0.0,4.7236,0,One-time,49.0,9.64,8,2011
DB-12910,2013-02-04,2014-12-09,7,2161.2309999999998,427.746,0.21428571428571427,0.0,3.0976,673,Repeat,19.79177607576423,308.7472857142857,2,2013
DB-12970,2011-12-11,2014-04-05,2,1036.0812,83.05699999999999,0.11200000000000002,0.22400000000000003,17.784999999999997,846,Repeat,8.016456625214316,518.0406,5,2011
DB-13060,2011-01-03,2013-07-06,2,1171.868,258.6234,0.1,0.2,51.4764,915,Repeat,22.069328627456336,585.934,3,2011
DB-13120,2012-01-05,2012-06-12,3,465.382,92.6302,0.06666666666666668,0.20000000000000004,29.748,159,Repeat,19.90412177522981,155.12733333333333,5,2012
DB-13210,2013-01-12,2014-10-12,5,1456.941,45.2165,0.13,0.2,2.7144,638,Repeat,3.1035230664797,291.3882,6,2013
DB-13270,2011-05-02,2014-08-11,4,4124.34,933.2961999999999,0.1,0.1,45.1064,1197,Repeat,22.628983061532267,1031.085,1,2011
DB-13360,2014-11-04,2014-11-04,1,386.14,113.5333,0.0,0.0,113.5333,0,One-time,29.402108043714716,386.14,4,2014
DB-13405,2012-08-08,2012-08-08,1,601.44,255.429,0.0,0.0,255.429,0,One-time,42.46957302474062,601.44,3,2012
DB-13555,2011-11-10,2014-09-09,4,2060.0108,-9.171999999999997,0.16,0.0,7.3605,1034,Repeat,-0.4452403841766265,515.0027,9,2011
DB-13615,2012-01-09,2014-07-05,4,1837.67,392.25379999999996,0.15000000000000002,0.20000000000000004,342.0882,908,Repeat,21.34517078692039,459.4175,2,2012
DB-13660,2012-08-11,2014-01-03,3,184.608,-44.276399999999995,0.3333333333333333,0.8,-17.2854,510,Repeat,-23.98400936037441,61.536,9,2012
DC-12850,2011-05-07,2014-05-06,2,514.68,-73.7172,0.1,0.2,-79.3332,1095,Repeat,-14.322919095360225,257.34,9,2011
DC-13285,2013-11-11,2014-08-12,3,431.906,21.5244,0.049999999999999996,0.0,10.465,274,Repeat,4.983584391048052,143.96866666666668,7,2013
DD-13570,2014-03-05,2014-03-05,1,109.62,38.3642,0.0,0.0,38.3642,0,One-time,34.997445721583645,109.62,6,2014
DE-13255,2011-05-11,2013-11-01,2,114.49199999999999,24.964799999999997,0.13333333333333333,0.0,8.8176,905,Repeat,21.8048422597212,57.245999999999995,7,2011
DF-13135,2011-04-10,2011-04-10,1,110.098,37.8771,0.1,0.1,37.8771,0,One-time,34.40307725844248,110.098,6,2011
DG-13300,2011-01-11,2012-03-07,2,534.192,51.60719999999999,0.10000000000000002,0.0,22.0748,421,Repeat,9.660796118249618,267.096,6,2011
DH-13675,2011-12-08,2011-12-08,1,457.74399999999997,72.60040000000001,0.20000000000000004,0.20000000000000004,72.60040000000001,0,One-time,15.860480967527703,457.74399999999997,5,2011
DJ-13420,2011-08-12,2013-03-04,4,2012.52,483.03499999999997,0.0,0.0,39.7648,570,Repeat,24.001500606205155,503.13,2,2011
DJ-13510,2014-01-05,2014-12-02,4,260.27,23.564500000000002,0.125,0.0,36.4112,331,Repeat,9.053867137972107,65.0675,7,2014
DK-12835,2012-07-02,2014-10-12,5,1456.71,408.41610000000003,0.15,0.0,152.5909,832,Repeat,28.036884486273863,291.342,2,2012
DK-12895,2012-08-03,2012-08-03,1,2531.88,596.7203,0.0,0.0,596.7203,0,One-time,23.568269428250943,2531.88,1,2012
DK-12985,2012-02-08,2014-06-05,3,737.52,-64.8462,0.16666666666666666,0.5,-188.7,848,Repeat,-8.79246664497234,245.84,9,2012
DK-13090,2012-02-03,2014-04-11,4,1953.962,540.9741,0.08124999999999999,0.0,165.3813,798,Repeat,27.686009246853317,488.4905,1,2012
DK-13150,2011-05-12,2011-05-12,1,433.56,78.5007,0.2,0.2,78.5007,0,One-time,18.106075283697756,433.56,5,2011
DK-13225,2012-03-12,2013-04-07,3,1263.316,-128.40819999999997,0.23888888888888885,0.44999999999999996,-336.861,391,Repeat,-10.164376925488156,421.10533333333336,10,2012
DK-13375,2011-07-09,2014-12-12,4,1005.672,9.678700000000006,0.30000000000000004,0.0,109.6113,1252,Repeat,0.9624112036528814,251.418,8,2011
DL-12865,2013-03-05,2013-03-05,1,187.056,11.691,0.2,0.2,11.691,0,One-time,6.25,187.056,8,2013
DL-12925,2011-01-11,2014-04-11,5,3067.6,-48.98279999999998,0.1,0.0,246.954,1186,Repeat,-1.596779241100534,613.52,9,2011
DL-13315,2011-07-02,2014-09-12,5,1055.2160000000001,262.0516,0.2,0.8,-14.7708,1168,Repeat,24.833929735712875,211.0432,3,2011
DL-13330,2014-04-11,2014-04-11,1,41.37,17.3754,0.0,0.0,17.3754,0,One-time,42.0,41.37,7,2014
DL-13495,2013-08-10,2014-01-05,2,900.5600000000001,91.152,0.1,0.2,62.82,148,Repeat,10.121702052056499,450.28000000000003,5,2013
DM-12955,2011-09-12,2014-08-09,3,195.10399999999998,10.2092,0.20000000000000004,0.2,-1.2588,1062,Repeat,5.232696408069542,65.03466666666667,8,2011
DM-13015,2012-08-07,2014-04-11,4,566.875,-36.83240000000001,0.35624999999999996,0.2,6.6,612,Repeat,-6.497446527012129,141.71875,9,2012
DM-13345,2011-03-11,2014-09-12,5,3124.442,1400.6176,0.1,0.0,2.8224,1281,Repeat,44.82776764619091,624.8884,1,2011
DM-13525,2011-05-07,2013-06-09,3,1376.7920000000001,199.7688,0.18888888888888888,0.36666666666666664,14.4922,764,Repeat,14.509729864787127,458.9306666666667,3,2011
DN-13690,2011-08-10,2011-12-10,2,160.21,66.1391,0.0,0.0,55.764,122,Repeat,41.282753885525246,80.105,6,2011
DO-13435,2011-03-10,2014-03-06,3,367.166,51.4516,0.13333333333333333,0.20000000000000004,5.5236,1092,Repeat,14.013171154191836,122.38866666666667,6,2011
DO-13645,2012-07-11,2014-05-12,3,682.342,101.81700000000001,0.13333333333333333,0.2,26.824,670,Repeat,14.921696158231503,227.44733333333332,5,2012
DP-13000,2011-04-01,2014-05-03,3,259.128,56.7062,0.26666666666666666,0.2,5.5512,1128,Repeat,21.883470717174525,86.37599999999999,6,2011
DP-13105,2013-07-12,2013-07-12,1,1671.08,482.662,0.20000000000000004,0.20000000000000004,482.662,0,One-time,28.88323718792637,1671.08,2,2013
DP-13165,2011-02-12,2012-10-10,2,1058.616,-40.93759999999999,0.16666666666666669,0.13333333333333333,-41.93959999999999,606,Repeat,-3.867086837909118,529.308,9,2011
DP-13390,2011-05-07,2014-07-01,5,401.694,-72.31129999999999,0.13999999999999999,0.2,67.86,1151,Repeat,-18.001588273661042,80.3388,9,2011
DR-12940,2012-01-09,2014-12-08,4,7426.9,3262.309,0.175,0.0,409.8546,1064,Repeat,43.92558133272294,1856.725,1,2012
DS-13030,2011-09-07,2014-05-04,2,572.707,81.1399,0.04375,0.0875,29.4738,970,Repeat,14.167785621618036,286.3535,5,2011
DS-13180,2012-04-09,2014-08-12,4,1005.4428,115.29679999999996,0.18,0.2,6.7188,855,Repeat,11.467265964806746,251.3607,4,2012
DV-13045,2014-01-07,2014-12-12,3,1081.883,-444.66700000000003,0.25416666666666665,0.2,5.368,339,Repeat,-41.101209650211715,360.6276666666667,10,2014
DV-13465,2012-09-11,2014-12-06,4,2590.737,312.2523,0.125,0.0,70.6522,816,Repeat,12.05264370717676,647.68425,2,2012
DW-13195,2011-05-07,2011-05-07,1,4.368,0.3822,0.2,0.2,0.3822,0,One-time,8.749999999999998,4.368,9,2011
DW-13480,2011-01-06,2013-07-01,2,3780.2099999999996,1164.7017,0.0,0.0,1154.6735,907,Repeat,30.810502591125896,1890.1049999999998,1,2011
DW-13540,2013-02-04,2014-07-03,2,156.45600000000002,29.3768,0.1,0.0,22.8904,514,Repeat,18.77639719793424,78.22800000000001,7,2013
DW-13585,2013-08-08,2014-03-05,3,469.63,123.7218,0.08888888888888889,0.0,86.3856,209,Repeat,26.344526542171497,156.54333333333332,4,2013
Dl-13600,2011-01-07,2014-09-06,4,695.362,153.0388,0.325,0.2,6.972,1338,Repeat,22.008507798815582,173.8405,4,2011
Dp-13240,2011-11-10,2014-08-10,5,6221.049000000001,172.5673,0.2822857142857143,0.0,77.691,1004,Repeat,2.773926069381546,1244.2098,4,2011
EA-14035,2011-01-11,2014-01-08,6,1433.219,-323.8684,0.3438888888888889,0.5333333333333333,-4.235199999999999,1093,Repeat,-22.59727229404578,238.86983333333333,10,2011
EB-13705,2011-08-07,2014-09-05,4,819.24,17.133000000000003,0.2,0.2,-19.089,1125,Repeat,2.0913285484107225,204.81,7,2011
EB-13750,2012-05-06,2014-11-11,5,2438.892,-160.9373,0.23666666666666666,0.1,169.182,919,Repeat,-6.598787482184533,487.7784,10,2012
EB-13840,2013-05-12,2014-02-10,2,856.4,81.7,0.05,0.0,0.0,274,Repeat,9.53993460999533,428.2,5,2013
EB-13870,2011-05-05,2014-11-03,6,1160.559,89.99700000000001,0.2333333333333333,0.3,-9.1335,1278,Repeat,7.754625141849747,193.4265,5,2011
EB-13930,2011-03-02,2011-03-02,1,199.296,1.347999999999999,0.44999999999999996,0.44999999999999996,1.347999999999999,0,One-time,0.676380860629415,199.296,8,2011
EB-13975,2013-04-01,2013-11-10,3,1608.631,151.8843,0.2833333333333333,0.2,119.996,223,Repeat,9.441835946217623,536.2103333333333,4,2013
EB-14110,2012-12-11,2014-09-09,3,646.9000000000001,-20.4664,0.16666666666666666,0.0,7.3132,637,Repeat,-3.163765651569021,215.63333333333335,9,2012
EB-14170,2012-12-03,2014-10-10,3,27.695999999999998,9.7192,0.20000000000000004,0.2,1.764,676,Repeat,35.09243212016176,9.232,8,2012
EC-14050,2014-01-08,2014-08-11,2,131.68,45.8088,0.0,0.0,26.7288,215,Repeat,34.78797083839611,65.84,6,2014
ED-13885,2011-09-08,2012-02-11,2,2642.202,562.995,0.05,0.0,9.6048,156,Repeat,21.307795543262777,1321.101,1,2011
EG-13900,2012-02-11,2014-09-12,4,1592.06,20.279599999999995,0.3,0.0,55.3616,944,Repeat,1.2737962137105383,398.015,7,2012
EH-13765,2011-12-04,2013-03-06,4,1166.3,405.3336,0.04583333333333334,0.0,16.2688,458,Repeat,34.75380262368173,291.575,2,2011
EH-13945,2011-02-07,2012-10-07,2,82.926,19.9068,0.35,0.0,22.1508,608,Repeat,24.005498878518196,41.463,7,2011
EH-13990,2013-01-04,2013-01-04,1,327.996,54.666,0.1,0.1,54.666,0,One-time,16.666666666666664,327.996,6,2013
EH-14005,2011-07-12,2014-05-06,3,450.13800000000003,183.9928,0.10000000000000002,0.0,80.7912,1029,Repeat,40.87475396433982,150.04600000000002,3,2011
EH-14125,2012-10-04,2014-01-08,3,328.10999999999996,-45.0536,0.21666666666666665,0.0,44.3655,461,Repeat,-13.731248666605715,109.36999999999999,9,2012
EH-14185,2013-05-04,2013-05-04,1,588.784,183.995,0.2,0.2,183.995,0,One-time,31.25,588.784,3,2013
EJ-13720,2014-04-03,2014-04-03,1,1219.7920000000001,423.7296,0.1,0.1,423.7296,0,One-time,34.73785694610228,1219.7920000000001,2,2014
EJ-14155,2011-03-03,2014-05-09,4,2608.0009999999997,428.01739999999995,0.06875,0.2,-23.4882,1163,Repeat,16.411703829868163,652.0002499999999,2,2011
EM-13810,2012-07-06,2013-05-03,2,167.5,60.224799999999995,0.1,0.2,2.632,301,Repeat,35.95510447761194,83.75,6,2012
EM-13825,2011-02-12,2014-06-11,4,694.722,110.8072,0.2,0.0,7.9958,1215,Repeat,15.949861959172157,173.6805,5,2011
EM-13960,2012-01-10,2014-02-08,4,879.3199999999999,100.93639999999999,0.175,0.5,-1.7688000000000006,760,Repeat,11.478915525633445,219.82999999999998,5,2012
EM-14065,2014-05-06,2014-05-06,1,30.336,-17.4432,0.6,0.6,-17.4432,0,One-time,-57.50000000000001,30.336,9,2014
EM-14095,2012-07-08,2014-09-09,3,675.5459999999999,207.8334,0.03333333333333333,0.0,160.2692,793,Repeat,30.765247666332126,225.182,3,2012
EM-14140,2012-07-03,2013-02-07,2,2307.49,721.4003,0.0,0.0,271.4153,219,Repeat,31.26342042652406,1153.745,1,2012
EN-13780,2013-05-06,2013-05-06,1,1562.694,397.39149999999995,0.05,0.05,397.39149999999995,0,One-time,25.42989862378687,1562.694,2,2013
EP-13915,2011-06-07,2014-12-11,8,3887.8148,-315.0648,0.28550000000000003,0.2,174.9975,1283,Repeat,-8.103904537839611,485.97685,10,2011
ER-13855,2013-05-11,2013-07-09,2,1184.804,-300.3136,0.13333333333333333,0.26666666666666666,-322.8988,59,Repeat,-25.347112264982222,592.402,10,2013
ES-14020,2013-12-06,2013-12-06,1,239.97,71.991,0.0,0.0,71.991,0,One-time,30.0,239.97,5,2013
ES-14080,2011-02-10,2014-03-12,3,807.0,128.5026,0.16666666666666666,0.2,133.7632,1126,Repeat,15.923494423791821,269.0,4,2011
FA-14230,2012-02-07,2012-10-09,3,433.924,71.29480000000001,0.2416666666666667,0.325,55.2796,245,Repeat,16.43025045860566,144.64133333333334,6,2012
FC-14245,2012-10-12,2014-09-09,3,805.0699999999999,212.5968,0.08333333333333333,0.0,15.764,697,Repeat,26.407244090575976,268.3566666666666,3,2012
FC-14335,2011-10-10,2014-06-02,3,2271.158,614.6246,0.10000000000000002,0.0,112.574,966,Repeat,27.06216828595809,757.0526666666666,1,2011
FG-14260,2014-03-10,2014-11-07,2,392.188,10.091800000000003,0.15000000000000002,0.1,-16.023799999999998,242,Repeat,2.5732046875478094,196.094,8,2014
FH-14275,2011-06-04,2014-11-11,4,3039.108,785.0516,0.16666666666666669,0.06666666666666667,174.2022,1256,Repeat,25.831645338039976,759.777,1,2011
FH-14350,2014-02-06,2014-02-06,1,189.918,-26.916199999999996,0.43333333333333335,0.43333333333333335,-26.916199999999996,0,One-time,-14.172537621499801,189.918,9,2014
FH-14365,2012-03-11,2014-07-07,3,1490.8619999999999,219.7477,0.18333333333333332,0.1,209.274,848,Repeat,14.739640556939545,496.95399999999995,3,2012
FM-14215,2011-11-03,2013-11-04,4,990.8700000000001,299.2032,0.07500000000000001,0.0,223.9838,732,Repeat,30.1960095673499,247.71750000000003,2,2011
FM-14290,2012-07-04,2014-07-11,5,560.5999999999999,159.1428,0.19,0.2,1.0269,737,Repeat,28.38794149125937,112.11999999999998,4,2012
FM-14380,2012-09-10,2014-08-08,5,1836.8020000000001,208.0111,0.13,0.05,89.07929999999999,697,Repeat,11.324633792863901,367.3604,3,2012
FO-14305,2011-09-06,2014-09-06,5,1753.752,232.27009999999999,0.2733333333333333,0.0,245.021,1096,Repeat,13.244181617469287,350.7504,3,2011
FP-14320,2011-07-12,2014-08-12,5,2886.4680000000003,499.7321,0.12000000000000002,0.0,2.4192,1127,Repeat,17.312927079046084,577.2936000000001,2,2011
FW-14395,2013-06-09,2014-03-01,2,60.19,18.014499999999998,0.0,0.0,12.208,265,Repeat,29.92939026416348,30.095,7,2013
GA-14515,2011-06-11,2014-04-08,2,143.55,44.9352,0.0,0.0,20.9664,1032,Repeat,31.30282131661442,71.775,6,2011
GA-14725,2011-12-02,2014-12-11,4,743.976,168.8035,0.11666666666666667,0.0,106.7911,1105,Repeat,22.689374388421136,185.994,4,2011
GB-14530,2012-05-11,2014-02-04,7,837.054,141.2423,0.1142857142857143,0.2,25.875,634,Repeat,16.87373813397941,119.57914285714286,4,2012
GB-14575,2012-12-06,2013-09-03,2,260.048,84.81479999999999,0.13333333333333333,0.2,11.5872,271,Repeat,32.61505568202793,130.024,5,2012
GD-14590,2011-05-05,2014-04-06,3,1884.214,229.53949999999998,0.10000000000000002,0.0,22.0028,1067,Repeat,12.182241507599453,628.0713333333333,3,2011
GG-14650,2012-05-04,2014-06-10,4,984.682,-114.9953,0.25,0.7,-115.7156,767,Repeat,-11.678420038144294,246.1705,10,2012
GH-14410,2011-03-08,2014-07-06,6,1885.3919999999998,-181.5259,0.3055555555555555,0.2,33.7212,1216,Repeat,-9.628019000823173,314.23199999999997,10,2011
GH-14425,2012-06-12,2014-11-11,3,882.33,103.27510000000001,0.3,0.2,68.6566,882,Repeat,11.704815658540456,294.11,5,2012
GH-14485,2012-08-10,2013-09-12,2,1361.2440000000001,-95.4498,0.5,0.6,-70.9605,398,Repeat,-7.011953771697065,680.6220000000001,10,2012
GK-14620,2014-10-09,2014-10-09,1,9.856,3.4496,0.2,0.2,3.4496,0,One-time,35.00000000000001,9.856,8,2014
GM-14440,2013-04-12,2014-09-10,2,918.444,111.4144,0.05,0.0,108.1752,516,Repeat,12.130777706642975,459.222,4,2013
GM-14455,2011-11-04,2014-07-08,3,1994.19,606.9566,0.13333333333333333,0.2,265.4232,977,Repeat,30.436247298401856,664.73,1,2011
GM-14500,2011-09-08,2013-11-05,3,54.65200000000001,19.221799999999998,0.06666666666666667,0.0,2.691,789,Repeat,35.17126546146526,18.217333333333336,7,2011
GM-14680,2011-10-05,2014-01-08,6,3163.628,35.48650000000001,0.21666666666666667,0.1,187.6596,826,Repeat,1.1217026780645514,527.2713333333334,7,2011
GM-14695,2011-05-04,2014-05-09,2,5574.272,13.097300000000004,0.1,0.0,112.2737,1101,Repeat,0.2349598297320261,2787.136,8,2011
GP-14740,2011-06-04,2011-06-04,1,44.91,-35.928,0.7,0.7,-35.928,0,One-time,-80.0,44.91,9,2011
GT-14635,2011-06-06,2014-05-11,3,9351.212,-4108.6589,0.25,0.20000000000000004,-292.18989999999997,1070,Repeat,-43.93718054943039,3117.0706666666665,10,2011
GT-14710,2013-07-12,2013-07-12,1,1169.454,297.4051,0.1142857142857143,0.1142857142857143,297.4051,0,One-time,25.431107166250236,1169.454,2,2013
GT-14755,2013-04-07,2013-04-07,1,16.92,6.3,0.0,0.0,6.3,0,One-time,37.234042553191486,16.92,8,2013
GW-14605,2011-01-03,2014-03-12,2,1145.037,-497.3075,0.475,0.25,-34.445100000000004,1164,Repeat,-43.43156596686395,572.5185,10,2011
GZ-14470,2011-05-08,2014-07-05,4,617.79,80.1892,0.075,0.3,41.934,1154,Repeat,12.98000938830347,154.4475,5,2011
GZ-14545,2014-11-06,2014-11-06,1,14.7,4.116,0.0,0.0,4.116,0,One-time,28.0,14.7,8,2014
HA-14905,2012-08-11,2014-11-09,3,835.482,71.2123,0.10000000000000002,0.0,3.3785,820,Repeat,8.523499010152223,278.49399999999997,6,2012
HA-14920,2011-11-10,2014-12-09,5,1827.826,54.6856,0.14,0.1,-56.736000000000004,1125,Repeat,2.991838391619334,365.5652,6,2011
HD-14785,2011-11-05,2012-07-06,2,174.3,-169.0126,0.43333333333333335,0.5,-166.87859999999998,244,Repeat,-96.96649454962706,87.15,10,2011
HE-14800,2013-06-12,2014-09-07,2,597.73,187.7357,0.0,0.0,60.326899999999995,452,Repeat,31.40811068542653,298.865,3,2013
HF-14995,2013-02-05,2014-10-12,4,1408.801,-47.07479999999998,0.14583333333333334,0.43333333333333335,-142.78699999999998,614,Repeat,-3.3414797405737207,352.20025,9,2013
HG-14845,2014-07-11,2014-10-10,2,382.54799999999994,5.500400000000001,0.17500000000000002,0.2,1.816,91,Repeat,1.4378326379957551,191.27399999999997,8,2014
HG-14965,2012-08-12,2014-08-12,4,2200.458,-2966.2815,0.30000000000000004,0.2,5.1012,730,Repeat,-134.80291375704513,550.1145,10,2012
HG-15025,2013-02-10,2013-02-10,1,107.864,30.4407,0.2,0.2,30.4407,0,One-time,28.22137135652303,107.864,7,2013
HK-14890,2011-10-06,2014-04-06,3,581.614,269.0581,0.13333333333333333,0.0,240.8595,913,Repeat,46.26059551523863,193.87133333333335,3,2011
HL-15040,2011-12-05,2014-04-10,3,73.018,21.741300000000003,0.06666666666666667,0.0,10.7849,857,Repeat,29.775260894573943,24.339333333333332,7,2011
HM-14860,2012-04-12,2014-05-08,3,438.262,144.68839999999997,0.35555555555555557,0.06666666666666667,144.25639999999999,756,Repeat,33.0141330984662,146.08733333333333,4,2012
HM-14980,2012-02-10,2014-12-04,2,592.08,76.46209999999999,0.2,0.20000000000000004,73.9472,1028,Repeat,12.914150114849342,296.04,5,2012
HP-14815,2011-06-05,2014-01-12,3,1636.768,423.2189,0.11666666666666668,0.2,52.776,952,Repeat,25.856987673268293,545.5893333333333,2,2011
HR-14770,2011-01-03,2014-08-04,3,928.78,70.1196,0.06666666666666667,0.0,1.6038,1309,Repeat,7.549645771872781,309.5933333333333,6,2011
HW-14935,2013-01-11,2014-05-09,3,6058.4259999999995,1361.6776,0.07777777777777777,0.0,100.77959999999999,483,Repeat,22.4757651574848,2019.475333333333,1,2013
IG-15085,2012-09-04,2012-09-04,1,370.14,144.3546,0.0,0.0,144.3546,0,One-time,39.00000000000001,370.14,4,2012
IL-15100,2011-01-08,2014-11-08,6,4925.599999999999,1110.4234,0.10000000000000002,0.2,6.9132,1400,Repeat,22.54392155270424,820.9333333333333,1,2011
IM-15055,2013-05-09,2013-05-09,1,2824.23,953.7237,0.1,0.1,953.7237,0,One-time,33.76933535866413,2824.23,1,2013
IM-15070,2012-04-07,2013-07-11,4,2322.814,109.07499999999996,0.12222222222222223,0.0,285.9896,460,Repeat,4.695812923462661,580.7035,5,2012
JA-15970,2011-12-11,2014-08-09,4,1298.62,111.3448,0.25416666666666665,0.1,37.3136,972,Repeat,8.574086337804749,324.655,5,2011
JB-15400,2012-01-05,2014-10-11,5,756.188,129.07619999999997,0.08,0.2,11.094,1010,Repeat,17.06932667537702,151.2376,4,2012
JB-15925,2011-05-12,2012-12-12,2,272.628,79.0062,0.1,0.0,72.5754,580,Repeat,28.979488533826316,136.314,5,2011
JB-16000,2013-10-01,2014-10-09,4,85.386,33.2207,0.05,0.0,7.7035,373,Repeat,38.90649520998759,21.3465,7,2013
JB-16045,2012-03-05,2013-09-12,3,1178.685,23.98210000000001,0.2333333333333333,0.0,106.5408,556,Repeat,2.0346487823294614,392.895,7,2012
JC-15340,2013-06-09,2014-08-09,2,57.495,-4.9285,0.35,0.7,-7.3255,426,Repeat,-8.572049743455953,28.7475,9,2013
JC-15385,2014-09-07,2014-09-07,1,1058.108,502.92440000000005,0.05,0.05,502.92440000000005,0,One-time,47.53053563530377,1058.108,2,2014
JC-15775,2014-01-07,2014-02-04,2,478.92900000000003,24.4479,0.075,0.15,5.1294,28,Repeat,5.104702367156718,239.46450000000002,7,2014
JC-16105,2012-03-09,2014-04-11,2,213.37400000000002,68.5069,0.1,0.2,62.8075,763,Repeat,32.10648907551998,106.68700000000001,6,2012
JD-15790,2012-02-04,2014-05-09,4,1924.3920000000003,-303.0261,0.2,0.2,24.2919,825,Repeat,-15.746589052542305,481.09800000000007,10,2012
JD-15895,2012-12-12,2013-10-07,5,4017.0359999999996,1151.0893,0.05,0.0,64.816,299,Repeat,28.655190045595813,803.4071999999999,1,2012
JD-16015,2011-04-10,2014-12-07,4,274.59,14.5426,0.18333333333333332,0.0,13.7428,1337,Repeat,5.296114206635347,68.6475,8,2011
JD-16060,2014-06-03,2014-06-03,1,375.71,131.8881,0.0,0.0,131.8881,0,One-time,35.10369700034602,375.71,4,2014
JE-15610,2012-11-06,2014-10-11,3,6787.746,1410.7746,0.17500000000000002,0.325,-129.5882,704,Repeat,20.784139536158246,2262.582,1,2012
JE-15715,2013-03-09,2013-09-07,2,2579.313,216.0898,0.42499999999999993,0.39999999999999997,162.1988,182,Repeat,8.377804477393786,1289.6565,3,2013
JE-15745,2013-02-12,2014-10-11,3,461.55,145.3573,0.0,0.0,96.7425,606,Repeat,31.49329433430831,153.85,4,2013
JE-16165,2013-06-12,2014-11-12,2,2672.57,780.2612,0.0,0.0,775.9808,518,Repeat,29.19516420524065,1336.285,1,2013
JF-15190,2013-03-12,2014-10-07,4,1710.738,522.7158,0.03333333333333333,0.13333333333333333,173.313,574,Repeat,30.55498854880174,427.6845,1,2013
JF-15355,2013-02-07,2014-05-02,2,118.17,49.2502,0.0,0.0,40.756,449,Repeat,41.677413895235674,59.085,6,2013
JF-15415,2012-05-04,2014-12-09,2,2083.9880000000003,527.2507,0.06000000000000001,0.0,32.8302,949,Repeat,25.300083301823236,1041.9940000000001,1,2012
JF-15490,2012-01-11,2014-07-05,6,790.6519999999999,-67.58880000000002,0.19166666666666665,0.1,13.6776,906,Repeat,-8.548489095075967,131.77533333333332,9,2012
JF-15565,2011-11-10,2014-07-11,5,3470.786,945.6225999999999,0.18,0.2,78.5547,974,Repeat,27.245200366718084,694.1572,1,2011
JG-15115,2011-08-10,2012-03-12,2,312.322,-45.5154,0.26249999999999996,0.2,4.9878,215,Repeat,-14.573228911187812,156.161,9,2011
JG-15160,2012-12-05,2013-06-12,3,1426.024,291.0532,0.1111111111111111,0.3333333333333333,95.29660000000001,189,Repeat,20.41011932477995,475.3413333333333,2,2012
JG-15310,2013-04-03,2013-04-03,1,606.2139999999999,-40.833800000000004,0.25,0.25,-40.833800000000004,0,One-time,-6.735872150758644,606.2139999999999,9,2013
JG-15805,2011-05-04,2011-07-10,2,209.168,18.3736,0.2,0.2,7.6296,67,Repeat,8.784135240572171,104.584,7,2011
JH-15820,2012-03-09,2014-10-07,2,236.42,17.9075,0.1,0.0,3.6,942,Repeat,7.574443786481686,118.21,7,2012
JH-15910,2012-12-06,2013-07-10,2,84.834,18.623800000000003,0.1,0.2,4.1988,216,Repeat,21.953226300775636,42.417,7,2012
JH-15985,2011-09-08,2014-02-12,4,2602.212,784.6794,0.11666666666666667,0.2,643.9825,888,Repeat,30.154322553273907,650.553,1,2011
JH-16180,2012-01-11,2013-06-04,2,1215.53,-169.3298,0.2,0.1,21.8376,510,Repeat,-13.93053236036955,607.765,10,2012
JJ-15445,2012-05-03,2013-04-09,2,61.604,16.6564,0.1,0.2,2.4864,341,Repeat,27.03785468476073,30.802,7,2012
JJ-15760,2012-05-10,2012-08-12,2,195.0,34.449200000000005,0.1,0.0,22.453200000000002,94,Repeat,17.666256410256413,97.5,7,2012
JK-15205,2011-11-07,2013-02-10,2,201.214,48.3501,0.22499999999999998,0.0,47.8065,461,Repeat,24.029192799705786,100.607,6,2011
JK-15370,2011-11-04,2014-08-08,3,1280.832,138.3173,0.20000000000000004,0.2,129.5495,1008,Repeat,10.799019699695197,426.944,4,2011
JK-15625,2011-08-12,2012-07-08,2,756.3999999999999,76.98679999999999,0.15000000000000002,0.1,66.3068,331,Repeat,10.178053939714436,378.19999999999993,5,2011
JK-15640,2012-11-12,2014-04-07,2,4261.5,1019.9852999999999,0.15000000000000002,0.2,38.6848,511,Repeat,23.934889123548047,2130.75,1,2012
JK-15730,2011-01-12,2014-08-10,3,1858.03,79.8752,0.4083333333333334,0.275,72.1372,1306,Repeat,4.298918747275341,619.3433333333334,5,2011
JK-16090,2014-03-10,2014-03-12,2,2854.578,357.76970000000006,0.22499999999999998,0.44999999999999996,-386.2183,2,Repeat,12.533190545152387,1427.289,2,2014
JK-16120,2011-02-11,2014-12-05,6,1169.384,182.3121,0.25,0.2,239.976,1393,Repeat,15.59043906877467,194.89733333333334,3,2011
JL-15130,2011-01-09,2014-12-04,2,78.64000000000001,1.5884,0.35,0.5,4.8672,1425,Repeat,2.019837232960325,39.32000000000001,8,2011
JL-15175,2012-05-01,2014-05-11,2,153.18399999999997,44.3988,0.15000000000000002,0.1,41.1372,740,Repeat,28.983966993941934,76.59199999999998,6,2012
JL-15235,2013-06-06,2014-03-09,2,641.7280000000001,106.95660000000001,0.1,0.0,103.36120000000001,276,Repeat,16.666967936571258,320.86400000000003,5,2013
JL-15505,2013-09-04,2014-12-11,3,3037.218,561.7205,0.05000000000000001,0.05,21.7512,463,Repeat,18.49457299410184,1012.406,1,2013
JL-15835,2011-07-07,2014-10-12,4,2348.516,817.6591,0.1125,0.25,-34.6598,1193,Repeat,34.81599018273668,587.129,1,2011
JL-15850,2012-02-04,2012-06-03,2,1643.0439999999999,506.6768,0.15000000000000002,0.2,32.925,120,Repeat,30.837689069799715,821.5219999999999,1,2012
JM-15250,2014-02-01,2014-02-01,1,954.902,-390.9563,0.5285714285714286,0.5285714285714286,-390.9563,0,One-time,-40.94203384221626,954.902,10,2014
JM-15265,2013-12-12,2013-12-12,1,1045.21,304.9421,0.0,0.0,304.9421,0,One-time,29.175199242257534,1045.21,2,2013
JM-15580,2013-09-09,2013-09-09,1,99.87199999999999,31.8076,0.2,0.2,31.8076,0,One-time,31.848365908362712,99.87199999999999,7,2013
JM-15655,2011-08-04,2011-08-04,1,21.375999999999998,7.7192,0.2,0.2,7.7192,0,One-time,36.11152694610779,21.375999999999998,8,2011
JM-15865,2013-02-12,2013-02-12,1,345.324,-49.83,0.46666666666666673,0.46666666666666673,-49.83,0,One-time,-14.429926677554992,345.324,9,2013
JM-16195,2011-02-09,2014-08-09,4,321.402,92.9203,0.07500000000000001,0.0,13.9047,1277,Repeat,28.910927747804926,80.3505,5,2011
JO-15145,2011-01-11,2014-04-11,4,1778.238,489.28290000000004,0.05,0.0,21.1012,1186,Repeat,27.515040168976256,444.5595,2,2011
JO-15280,2012-02-11,2012-02-11,1,1038.84,51.942,0.2,0.2,51.942,0,One-time,5.0,1038.84,6,2012
JO-15550,2012-09-11,2012-09-11,1,2.48,1.1656,0.0,0.0,1.1656,0,One-time,47.0,2.48,8,2012
JP-15460,2012-02-10,2012-02-10,1,235.97,100.932,0.0,0.0,100.932,0,One-time,42.77323388566344,235.97,5,2012
JP-15520,2011-09-11,2014-09-12,3,3573.434,735.5004,0.01944444444444444,0.05833333333333333,201.211,1097,Repeat,20.582453740575595,1191.1446666666668,1,2011
JP-16135,2012-04-07,2013-12-03,4,1136.1999999999998,155.5712,0.2875,0.2,7.4256,605,Repeat,13.692237282168636,284.04999999999995,4,2012
JR-16210,2013-09-02,2013-11-04,2,130.734,44.20819999999999,0.35,0.0,50.73779999999999,63,Repeat,33.815380849664194,65.367,6,2013
JS-15595,2011-03-03,2014-03-09,2,619.75,-258.4768,0.35,0.3,-204.7542,1102,Repeat,-41.70662363856394,309.875,10,2011
JS-15880,2011-08-04,2013-12-02,2,1538.15,88.33750000000002,0.2,0.4,-94.6605,851,Repeat,5.743100477846765,769.075,5,2011
JS-15940,2011-03-05,2013-06-06,2,153.728,-10.3692,0.1,0.0,10.3488,824,Repeat,-6.745160283097418,76.864,9,2011
JS-16030,2014-03-12,2014-03-12,1,303.372,-769.7316,0.7,0.7,-769.7316,0,One-time,-253.7253273209129,303.372,10,2014
JW-15220,2014-03-10,2014-03-10,1,10.16,3.4544,0.0,0.0,3.4544,0,One-time,34.0,10.16,8,2014
JW-15955,2014-08-08,2014-08-08,1,116.47999999999999,31.6896,0.0,0.0,31.6896,0,One-time,27.20604395604396,116.47999999999999,7,2014
JW-16075,2012-10-12,2013-10-05,2,141.792,-95.40639999999999,0.5,0.8,-108.8304,358,Repeat,-67.28616565109455,70.896,10,2012
KA-16525,2011-11-03,2012-12-10,2,208.77999999999997,52.415000000000006,0.0,0.0,49.014,403,Repeat,25.105374077976826,104.38999999999999,6,2011
KB-16240,2012-07-11,2014-12-07,4,1802.894,289.9907,0.15000000000000002,0.2,11.92,879,Repeat,16.084733766932498,450.7235,2,2012
KB-16315,2012-02-07,2014-10-03,3,637.4839999999999,106.8355,0.2833333333333333,0.2,9.6714,969,Repeat,16.75893042021447,212.49466666666663,5,2012
KB-16405,2014-04-09,2014-05-09,2,753.661,230.9146,0.07500000000000001,0.05,209.5822,30,Repeat,30.639053898238068,376.8305,3,2014
KB-16585,2011-04-04,2013-10-12,6,824.54,182.59369999999998,0.15,0.0,67.975,922,Repeat,22.144917165934945,137.42333333333332,3,2011
KB-16600,2012-09-12,2014-10-12,3,133.596,27.5934,0.17777777777777778,0.0,16.6698,760,Repeat,20.65436090900925,44.532000000000004,7,2012
KC-16255,2011-08-09,2013-03-06,2,181.63400000000001,30.098299999999995,0.1,0.0,43.055099999999996,575,Repeat,16.570851272338874,90.81700000000001,7,2011
KC-16540,2012-02-11,2013-12-09,2,3802.91,688.8493,0.0,0.0,49.2723,667,Repeat,18.113741845060755,1901.455,1,2012
KC-16675,2014-04-11,2014-04-11,1,446.99600000000004,92.6086,0.1,0.1,92.6086,0,One-time,20.717993002174513,446.99600000000004,5,2014
KD-16270,2011-11-11,2013-05-06,5,8282.358,1107.6951999999999,0.09428571428571428,0.37142857142857144,-1340.5041,542,Repeat,13.37415262658291,1656.4716,1,2011
KD-16345,2011-02-09,2011-02-09,1,72.69,23.1918,0.0,0.0,23.1918,0,One-time,31.905076351630214,72.69,7,2011
KD-16495,2012-01-12,2014-10-09,5,7279.562000000001,2891.9067,0.024,0.0,47.3544,1001,Repeat,39.72638326316885,1455.9124000000002,1,2012
KD-16615,2013-01-05,2014-03-03,2,219.536,56.0176,0.2,0.2,22.3776,422,Repeat,25.516361781211284,109.768,6,2013
KE-16420,2011-03-04,2014-05-12,5,673.09,168.3635,0.22000000000000003,0.0,85.6044,1165,Repeat,25.013519737330814,134.618,4,2011
KF-16285,2013-11-03,2014-12-09,4,9536.563999999998,1381.3463,0.04166666666666667,0.1,371.0568,401,Repeat,14.484737899310488,2384.1409999999996,1,2013
KH-16330,2011-01-04,2011-05-05,2,118.44799999999998,9.6952,0.1,0.0,5.736,121,Repeat,8.185195191138728,59.22399999999999,8,2011
KH-16360,2013-03-07,2014-04-04,2,33.172000000000004,10.7986,0.1,0.0,3.157,393,Repeat,32.55335825394911,16.586000000000002,8,2013
KH-16510,2011-05-10,2014-09-12,2,4055.487,466.8092,0.041666666666666664,0.0,34.993,1221,Repeat,11.510558411357254,2027.7435,2,2011
KH-16630,2011-01-11,2014-12-09,6,1335.554,199.329,0.15,0.2,127.9659,1428,Repeat,14.924817716093846,222.59233333333336,3,2011
KH-16690,2012-07-12,2012-07-12,1,12.96,6.2208,0.0,0.0,6.2208,0,One-time,47.99999999999999,12.96,8,2012
KL-16555,2013-07-11,2014-05-11,3,2415.5640000000003,3.399400000000014,0.20000000000000004,0.2,20.89,304,Repeat,0.14072903884972676,805.1880000000001,8,2013
KL-16645,2011-11-08,2014-10-04,5,2940.911,112.50539999999998,0.12785714285714284,0.0,18.767,1061,Repeat,3.8255288922378123,588.1822,4,2011
KM-16225,2012-06-07,2014-10-12,5,1840.724,524.8987,0.04,0.0,229.515,857,Repeat,28.51588288086644,368.1448,1,2012
KM-16375,2012-06-12,2014-05-11,3,310.64,140.9293,0.0,0.0,15.065,698,Repeat,45.36740278135463,103.54666666666667,4,2012
KM-16660,2012-10-12,2013-02-08,2,148.952,37.4856,0.1,0.0,34.3474,119,Repeat,25.166228046619047,74.476,6,2012
KM-16720,2011-01-04,2014-03-12,2,1317.8580000000002,385.03430000000003,0.05,0.1,20.3536,1163,Repeat,29.21667584823251,658.9290000000001,2,2011
KN-16390,2011-02-12,2014-12-12,7,1911.29,-111.181,0.12380952380952381,0.2,29.95,1399,Repeat,-5.8170659606862385,273.0414285714286,10,2011
KN-16450,2011-12-04,2014-09-11,3,2162.875,111.6793,0.32916666666666666,0.1875,120.8373,1012,Repeat,5.163465295035543,720.9583333333334,4,2011
KN-16705,2011-02-03,2014-12-06,3,329.09,157.59689999999998,0.0,0.0,22.8112,1402,Repeat,47.88869306268801,109.69666666666666,4,2011
KS-16300,2014-11-03,2014-11-03,1,61.876,-6.378400000000001,0.44999999999999996,0.44999999999999996,-6.378400000000001,0,One-time,-10.308358652789453,61.876,9,2014
KT-16465,2011-08-09,2013-05-12,2,1271.566,104.2472,0.11666666666666665,0.2333333333333333,53.919200000000004,642,Repeat,8.198331820762744,635.783,5,2011
KT-16480,2011-08-05,2013-11-09,4,4240.492,123.0368,0.2875,0.4,239.996,827,Repeat,2.901474640206844,1060.123,4,2011
KW-16435,2012-06-12,2014-01-08,2,39.564,-0.7119,0.5,0.8,-4.851,575,Repeat,-1.7993630573248407,19.782,9,2012
KW-16570,2012-07-08,2012-07-08,1,241.34,47.1344,0.0,0.0,47.1344,0,One-time,19.530289218529873,241.34,6,2012
LA-16780,2011-11-07,2013-09-01,3,2118.786,665.4033,0.2333333333333333,0.0,413.6125,664,Repeat,31.404931880803435,706.2620000000001,1,2011
LB-16795,2013-02-09,2014-10-05,6,4389.972,-25.94540000000012,0.1775,0.0,5.751,603,Repeat,-0.5910151590944115,731.6619999999999,9,2013
LC-16870,2012-03-05,2014-04-12,4,1187.3899999999999,-80.36500000000007,0.29375,0.1,164.1658,768,Repeat,-6.768205896967304,296.84749999999997,10,2012
LC-16885,2012-11-12,2012-11-12,1,10.332,-7.5768,0.7,0.7,-7.5768,0,One-time,-73.33333333333333,10.332,9,2012
LC-16930,2013-05-08,2014-11-09,4,523.904,73.2008,0.15000000000000002,0.20000000000000004,41.2868,550,Repeat,13.972178108966528,130.976,5,2013
LC-16960,2012-01-12,2012-01-12,1,2676.672,267.6672,0.2,0.2,267.6672,0,One-time,9.999999999999998,2676.672,3,2012
LC-17050,2011-01-02,2014-10-09,5,2095.064,86.778,0.2633333333333333,0.15,3.4196,1376,Repeat,4.142021437053953,419.01279999999997,5,2011
LC-17140,2011-09-09,2014-10-09,4,478.65999999999997,6.6275999999999975,0.1625,0.25,-26.0068,1126,Repeat,1.3846153846153841,119.66499999999999,8,2011
LD-17005,2013-08-11,2013-12-11,2,315.564,94.9686,0.1,0.2,20.1544,122,Repeat,30.094877742708288,157.782,5,2013
LE-16810,2012-12-06,2014-10-12,2,474.66799999999995,49.559799999999996,0.1,0.0,5.083,675,Repeat,10.440939772641089,237.33399999999997,6,2012
LF-17185,2011-06-12,2014-09-12,3,1219.133,184.7916,0.2111111111111111,0.6,-14.3856,1188,Repeat,15.157624311703481,406.3776666666667,3,2011
LH-16750,2014-02-08,2014-02-08,1,271.96,16.9975,0.2,0.2,16.9975,0,One-time,6.25,271.96,7,2014
LH-16900,2011-01-09,2014-10-12,4,982.0,206.7542,0.17500000000000002,0.1,65.43039999999999,1372,Repeat,21.05439918533605,245.5,3,2011
LH-17020,2011-08-09,2014-06-05,4,318.23900000000003,-242.73989999999998,0.43333333333333335,0.8,-79.3352,1031,Repeat,-76.27597497478308,79.55975000000001,10,2011
LH-17155,2011-12-12,2013-11-12,5,1321.395,173.3085,0.1,0.0,9.5754,701,Repeat,13.115571044237342,264.279,3,2011
LL-16840,2011-12-08,2012-04-06,2,303.29,111.4032,0.0,0.0,104.8788,120,Repeat,36.73157703847802,151.645,4,2011
LM-17065,2013-05-12,2013-07-08,2,53.868,21.5424,0.1,0.2,5.823,57,Repeat,39.99108932947205,26.934,7,2013
LO-17170,2012-06-02,2012-06-09,2,222.95,34.45440000000001,0.0,0.0,16.3896,7,Repeat,15.453868580399195,111.475,7,2012
LP-17080,2013-12-11,2014-12-05,2,625.678,65.8879,0.1,0.13333333333333333,21.936,359,Repeat,10.530640361336022,312.839,6,2013
LP-17095,2013-03-10,2014-06-09,5,1164.4920000000002,110.5318,0.22000000000000003,0.7,-40.1808,456,Repeat,9.491847088687598,232.89840000000004,5,2013
LR-16915,2011-08-08,2014-05-12,5,4702.748,504.694,0.18,0.1,604.5839,1008,Repeat,10.731895478983779,940.5495999999999,2,2011
LR-17035,2011-07-09,2012-07-09,2,938.2490000000001,-94.3948,0.3333333333333333,0.06666666666666667,48.520399999999995,366,Repeat,-10.06074080547914,469.12450000000007,10,2011
LS-16945,2014-06-07,2014-06-07,1,396.394,-359.7987,0.52,0.52,-359.7987,0,One-time,-90.76794805168595,396.394,10,2014
LS-16975,2013-07-11,2014-11-12,2,354.48400000000004,32.6064,0.05,0.1,17.0814,489,Repeat,9.19827129010054,177.24200000000002,7,2013
LS-17200,2014-01-08,2014-01-08,1,173.4,62.9676,0.0,0.0,62.9676,0,One-time,36.31349480968858,173.4,6,2014
LS-17230,2011-07-01,2011-07-01,1,19.44,9.3312,0.0,0.0,9.3312,0,One-time,48.0,19.44,8,2011
LT-16765,2011-01-09,2014-05-12,3,329.876,59.036,0.13333333333333333,0.0,15.6426,1219,Repeat,17.896421685724334,109.95866666666666,6,2011
LT-17110,2011-01-06,2012-12-12,3,1991.9569999999999,322.3896,0.1125,0.0,238.4038,706,Repeat,16.184566233106437,663.9856666666666,2,2011
LW-16825,2011-01-07,2014-04-10,2,601.7439999999999,70.6832,0.32499999999999996,0.44999999999999996,68.3612,1189,Repeat,11.74639049163764,300.87199999999996,6,2011
LW-16990,2013-06-05,2014-10-03,4,2498.03,459.9406,0.10833333333333334,0.1,322.322,485,Repeat,18.412132760615364,624.5075,2,2013
LW-17125,2011-11-09,2014-09-06,3,1259.04,192.6312,0.0,0.0,21.7515,1032,Repeat,15.29984750285932,419.68,3,2011
LW-17215,2011-12-09,2014-12-04,5,5124.192,761.7407000000001,0.068,0.1,420.588,1091,Repeat,14.865576855824296,1024.8384,1,2011
MA-17560,2011-08-08,2012-10-12,4,2892.207,927.9089,0.034166666666666665,0.02,436.102,431,Repeat,32.08307358359896,723.05175,1,2011
MA-17995,2013-06-11,2013-08-11,2,1799.466,191.65679999999998,0.1,0.0,91.46079999999999,61,Repeat,10.650759725385196,899.733,3,2013
MB-17305,2011-08-08,2014-10-10,5,866.884,71.8186,0.13,0.2,-13.8317,1159,Repeat,8.28468399462904,173.3768,5,2011
MB-18085,2011-06-01,2014-07-05,5,1397.0169999999998,108.09389999999999,0.21333333333333332,0.2,4.884,1130,Repeat,7.737479214640911,279.4034,5,2011
MC-17275,2011-08-09,2012-07-09,2,1812.894,221.33849999999998,0.125,0.05,235.2232,335,Repeat,12.209125299107393,906.447,3,2011
MC-17575,2011-02-12,2014-08-08,6,1260.0330000000001,190.57370000000003,0.3361111111111111,0.8,-6.3441,1273,Repeat,15.124500707521152,210.0055,3,2011
MC-17590,2014-10-11,2014-10-11,1,163.55,47.1736,0.0,0.0,47.1736,0,One-time,28.84353408743503,163.55,6,2014
MC-17605,2011-01-12,2014-10-09,3,1106.25,79.8192,0.16666666666666666,0.3,-19.2588,1366,Repeat,7.215294915254237,368.75,5,2011
MC-17635,2011-03-12,2011-03-12,1,25.92,12.4416,0.0,0.0,12.4416,0,One-time,47.99999999999999,25.92,8,2011
MC-17845,2011-05-07,2014-11-12,4,2971.77,420.4121,0.125,0.0,179.39239999999998,1285,Repeat,14.146858606150543,742.9425,2,2011
MC-18100,2012-09-04,2014-03-09,3,151.98,-3.1356,0.06666666666666667,0.0,3.0498,551,Repeat,-2.0631662060797473,50.66,9,2012
MC-18130,2012-07-11,2012-07-11,1,33.48,3.9546,0.0,0.0,3.9546,0,One-time,11.81182795698925,33.48,8,2012
MD-17350,2011-05-11,2014-11-03,5,2610.9919999999997,-336.8694,0.3833333333333333,0.3,-127.15079999999999,1272,Repeat,-12.901969826027807,522.1984,10,2011
MD-17860,2011-02-12,2011-02-12,1,114.78399999999999,-47.3384,0.4666666666666666,0.4666666666666666,-47.3384,0,One-time,-41.24128798438807,114.78399999999999,9,2011
ME-17320,2011-07-01,2014-11-11,4,8322.572,1718.0963,0.08333333333333334,0.0,1343.4814,1229,Repeat,20.643814195900017,2080.643,1,2011
ME-17725,2011-12-07,2014-03-12,4,966.4060000000001,253.8857,0.05,0.2,16.2758,826,Repeat,26.271122074987115,241.60150000000002,3,2011
MF-17665,2013-05-11,2013-09-01,3,262.714,71.1126,0.13333333333333333,0.2,8.2056,113,Repeat,27.068447056494897,87.57133333333333,6,2013
MF-18250,2012-09-08,2012-12-11,2,458.36400000000003,134.6126,0.10000000000000002,0.0,73.5864,94,Repeat,29.36805682819767,229.18200000000002,4,2012
MG-17650,2011-09-08,2014-02-12,2,1318.0479999999998,26.099599999999995,0.2,0.2,24.364399999999996,888,Repeat,1.9801706766369662,659.0239999999999,7,2011
MG-17680,2014-09-06,2014-09-06,1,1515.186,137.4528,0.175,0.175,137.4528,0,One-time,9.07167832860124,1515.186,4,2014
MG-17695,2012-08-06,2012-08-06,1,145.504,-392.85949999999997,0.5,0.5,-392.85949999999997,0,One-time,-269.9991065537717,145.504,10,2012
MG-17875,2013-09-09,2014-06-09,2,354.664,32.807199999999995,0.1,0.0,62.244,273,Repeat,9.250219926465611,177.332,7,2013
MG-17890,2013-05-03,2014-08-03,3,72.27799999999999,10.5335,0.06666666666666667,0.0,4.9271,457,Repeat,14.573590857522344,24.092666666666663,8,2013
MG-18145,2012-03-09,2014-08-10,2,2079.67,61.38839999999999,0.16666666666666669,0.20000000000000004,-137.481,884,Repeat,2.9518337043857916,1039.835,6,2012
MG-18205,2014-11-04,2014-11-04,1,16.739,-1.2453,0.44999999999999996,0.44999999999999996,-1.2453,0,One-time,-7.43951251568194,16.739,9,2014
MH-17290,2014-03-09,2014-12-03,2,1689.708,-42.63300000000001,0.24583333333333332,0.06666666666666667,190.421,269,Repeat,-2.5230986655682526,844.854,9,2014
MH-17440,2011-05-02,2013-08-02,2,258.748,6.0368,0.25,0.2,6.0368,823,Repeat,2.333080835407424,129.374,8,2011
MH-17455,2011-11-07,2014-07-10,4,1849.7400000000002,435.75300000000004,0.125,0.1,29.4844,976,Repeat,23.557527003795126,462.43500000000006,2,2011
MH-17620,2012-05-12,2013-04-09,2,75.42,25.8948,0.1,0.0,14.6718,332,Repeat,34.334128878281625,37.71,7,2012
MH-17785,2013-11-03,2013-11-03,1,104.696,6.5435,0.2,0.2,6.5435,0,One-time,6.25,104.696,8,2013
MH-18025,2011-08-07,2014-12-11,2,152.802,25.0965,0.15000000000000002,0.1,10.647,1222,Repeat,16.424196018376723,76.401,7,2011
MH-18115,2014-01-05,2014-11-03,2,317.27200000000005,-7.5972,0.35,0.44999999999999996,-11.827200000000001,302,Repeat,-2.394538440202728,158.63600000000002,9,2014
MJ-17740,2012-09-06,2014-12-03,5,1255.096,354.5803,0.2066666666666667,0.5333333333333333,-77.9315,818,Repeat,28.25124930682593,251.0192,2,2012
MK-17905,2014-03-12,2014-03-12,1,47.96,4.1965,0.2,0.2,4.1965,0,One-time,8.75,47.96,8,2014
MK-18160,2013-03-12,2014-05-05,3,778.99,250.108,0.0,0.0,41.0732,419,Repeat,32.1067022683218,259.66333333333336,3,2013
ML-17395,2011-04-08,2014-10-02,4,1234.21,455.6636,0.0,0.0,256.9266,1273,Repeat,36.91945454987401,308.5525,2,2011
ML-17410,2014-07-11,2014-07-11,1,175.324,-14.749399999999998,0.25,0.25,-14.749399999999998,0,One-time,-8.412653145034335,175.324,9,2014
ML-17755,2013-05-08,2014-12-11,6,1984.226,384.2559,0.10000000000000002,0.0,63.3456,582,Repeat,19.36553094254384,330.70433333333335,2,2013
ML-18040,2014-05-06,2014-05-06,1,6.37,-9.555,0.8,0.8,-9.555,0,One-time,-150.0,6.37,9,2014
MM-17260,2014-12-02,2014-12-02,1,147.568,-3.6892,0.2,0.2,-3.6892,0,One-time,-2.5,147.568,9,2014
MM-17920,2012-10-01,2014-05-09,4,3327.0840000000003,63.951400000000035,0.15000000000000002,0.4,-373.3048,585,Repeat,1.9221456386433293,831.7710000000001,6,2012
MM-18055,2011-11-04,2014-09-09,3,1256.809,-418.9143,0.18888888888888888,0.06666666666666667,124.94579999999999,1040,Repeat,-33.33158021624607,418.9363333333333,10,2011
MM-18280,2014-07-10,2014-11-06,2,55.120000000000005,20.7916,0.0,0.0,20.0851,119,Repeat,37.72060957910014,27.560000000000002,7,2014
MN-17935,2011-11-07,2014-11-02,2,609.456,58.1552,0.1,0.2,46.8264,1091,Repeat,9.54214906408338,304.728,6,2011
MO-17500,2013-05-10,2013-07-09,2,813.9639999999999,120.86439999999999,0.15000000000000002,0.2,19.4194,60,Repeat,14.84886309468232,406.98199999999997,4,2013
MO-17800,2014-04-06,2014-10-06,2,305.513,-69.4657,0.21666666666666667,0.0,5.4504,183,Repeat,-22.737395790031847,152.7565,9,2014
MO-17950,2012-02-04,2014-04-07,2,154.288,-82.0074,0.30000000000000004,0.4000000000000001,-79.3074,793,Repeat,-53.1521570050814,77.144,10,2012
MP-17470,2011-04-06,2013-11-01,4,1750.9560000000001,229.0888,0.17,0.2,5.8812,940,Repeat,13.083641165169196,437.73900000000003,3,2011
MP-17965,2012-02-10,2014-08-07,3,302.876,90.83659999999999,0.13333333333333333,0.0,13.181,909,Repeat,29.991349595213883,100.95866666666666,5,2012
MP-18175,2012-06-12,2014-11-02,4,344.16700000000003,55.3074,0.29583333333333334,0.7,-10.3824,873,Repeat,16.069931167136883,86.04175000000001,6,2012
MR-17545,2011-03-09,2014-09-07,3,190.35999999999999,33.861599999999996,0.3333333333333333,0.8,-11.52,1278,Repeat,17.788190796385795,63.453333333333326,7,2011
MS-17365,2011-07-11,2014-02-04,6,3098.204,301.8835999999999,0.12222222222222222,0.0,90.4306,939,Repeat,9.743825777773184,516.3673333333334,2,2011
MS-17530,2011-04-11,2012-01-11,2,337.29999999999995,58.7232,0.0,0.0,13.4292,275,Repeat,17.40978357545212,168.64999999999998,6,2011
MS-17710,2011-04-04,2011-04-04,1,84.83,26.1601,0.0,0.0,26.1601,0,One-time,30.83826476482377,84.83,7,2011
MS-17770,2011-03-11,2014-01-09,4,797.678,12.824299999999996,0.1,0.2,-64.4274,1035,Repeat,1.60770386045497,199.4195,8,2011
MS-17830,2011-10-01,2013-05-10,3,359.836,15.751999999999999,0.16666666666666666,0.2,10.918,587,Repeat,4.377549772674217,119.94533333333334,8,2011
MS-17980,2012-04-12,2014-05-12,4,721.984,36.38420000000001,0.15500000000000003,0.0,40.4012,760,Repeat,5.039474558992998,180.496,6,2012
MT-17815,2012-06-11,2014-12-11,3,52.721,1.7796000000000003,0.15,0.44999999999999996,-1.0427999999999997,913,Repeat,3.3755050169761582,17.573666666666664,8,2012
MT-18070,2013-12-08,2014-11-06,2,975.5449999999998,72.53769999999999,0.05833333333333333,0.0,70.48519999999999,333,Repeat,7.435607788466959,487.7724999999999,5,2013
MV-17485,2013-06-09,2014-07-02,3,565.722,157.1586,0.19999999999999998,0.0,92.2368,388,Repeat,27.780181785399897,188.57399999999998,4,2013
MV-18190,2012-05-03,2014-12-12,4,999.1080000000001,123.23799999999999,0.17500000000000002,0.2,2.394,953,Repeat,12.33480264395841,249.77700000000002,4,2012
MW-18220,2012-05-07,2012-05-07,1,73.776,-0.2610000000000001,0.2,0.2,-0.2610000000000001,0,One-time,-0.3537735849056606,73.776,9,2012
MY-17380,2014-02-12,2014-03-03,2,687.0840000000001,71.18039999999999,0.15000000000000002,0.2,3.6288,19,Repeat,10.35978133677978,343.54200000000003,6,2014
MY-18295,2013-02-04,2014-05-05,4,946.9720000000001,-112.38539999999999,0.29,0.0,0.2598,455,Repeat,-11.867869377341671,236.74300000000002,10,2013
MZ-17335,2012-08-11,2014-01-12,3,573.7760000000001,79.07010000000001,0.06666666666666667,0.0,69.3546,519,Repeat,13.780656562839853,191.2586666666667,5,2012
MZ-17515,2011-04-04,2013-12-06,4,2203.0460000000003,763.6597,0.30000000000000004,0.2,2.245,977,Repeat,34.663810923603045,550.7615000000001,1,2011
NB-18655,2011-05-12,2014-12-12,3,605.0039999999999,97.26809999999999,0.13333333333333333,0.2,87.38589999999999,1310,Repeat,16.07726560485551,201.66799999999998,5,2011
NC-18340,2011-04-05,2012-04-04,2,1316.918,330.95939999999996,0.11,0.2,4.6848,365,Repeat,25.131359735382155,658.459,2,2011
NC-18415,2011-03-05,2012-09-06,2,64.03200000000001,24.7344,0.1,0.2,18.5136,551,Repeat,38.62818590704647,32.016000000000005,7,2011
NC-18535,2014-02-04,2014-11-11,3,5741.405,591.5469,0.27499999999999997,0.175,445.1748,280,Repeat,10.303173177993889,1913.8016666666665,1,2014
NC-18625,2012-02-05,2014-10-06,3,991.472,65.62440000000001,0.2833333333333333,0.2,16.8468,974,Repeat,6.61888585860216,330.49066666666664,6,2012
ND-18370,2011-01-11,2014-04-12,3,727.0279999999999,3.861800000000004,0.13333333333333333,0.2,-39.7414,1187,Repeat,0.5311762408050316,242.34266666666664,8,2011
ND-18460,2011-07-02,2014-11-06,3,2754.5,457.68330000000003,0.06666666666666667,0.0,91.2541,1223,Repeat,16.615839535305863,918.1666666666666,2,2011
NF-18385,2011-12-02,2011-12-02,1,1508.13,186.7374,0.0,0.0,186.7374,0,One-time,12.382049292832846,1508.13,3,2011
NF-18475,2011-01-10,2011-01-10,1,4.71,0.0,0.0,0.0,0.0,0,One-time,0.0,4.71,9,2011
NF-18595,2011-09-09,2014-08-09,4,389.336,105.4495,0.17500000000000002,0.2,15.5892,1065,Repeat,27.084446339408636,97.334,5,2011
NG-18430,2011-03-12,2012-05-11,2,499.784,140.8316,0.1,0.0,134.3888,426,Repeat,28.1784931090231,249.892,4,2011
NH-18610,2011-02-03,2014-09-04,2,735.4839999999999,184.22359999999998,0.1,0.2,33.2,1309,Repeat,25.047941219659435,367.74199999999996,3,2011
NL-18310,2014-03-11,2014-03-11,1,1158.882,282.4405,0.03333333333333333,0.03333333333333333,282.4405,0,One-time,24.371808346319987,1158.882,2,2014
NM-18445,2011-04-11,2011-09-02,3,5321.484,2390.849,0.04,0.02,2242.8404,144,Repeat,44.928238062916286,1773.8280000000002,1,2011
NM-18520,2012-01-12,2014-01-05,6,2078.426,811.4695000000002,0.18333333333333335,0.6,-4.0128,724,Repeat,39.042501392880965,346.40433333333334,1,2012
NP-18325,2012-06-12,2014-06-12,3,3817.888,894.7225000000001,0.053333333333333344,0.1,52.8206,730,Repeat,23.43501171328232,1272.6293333333333,1,2012
NP-18670,2014-03-11,2014-03-11,1,95.66000000000001,26.7374,0.0,0.0,26.7374,0,One-time,27.950449508676563,95.66000000000001,7,2014
NP-18685,2011-07-03,2012-06-12,3,1115.008,478.219,0.3,0.2,33.64,345,Repeat,42.88928868671794,371.6693333333333,2,2011
NP-18700,2011-05-09,2013-06-11,3,5374.5505,315.58480000000003,0.1277777777777778,0.2,19.824,764,Repeat,5.871836165647713,1791.5168333333334,2,2011
NR-18550,2011-07-06,2014-04-06,3,1747.3770000000002,-271.7392,0.3541666666666667,0.5,-209.7693,1005,Repeat,-15.551263407953748,582.4590000000001,10,2011
NS-18505,2014-02-10,2014-02-10,1,413.784,91.3466,0.15000000000000002,0.15000000000000002,91.3466,0,One-time,22.075914003441408,413.784,5,2014
NS-18640,2012-07-08,2014-10-07,8,2049.879,-417.7622,0.285625,0.2,1.1151,821,Repeat,-20.379846810470276,256.234875,10,2012
NW-18400,2012-08-05,2014-12-07,3,3598.987,839.3231000000001,0.25333333333333335,0.06000000000000001,1082.9507,854,Repeat,23.321092851960845,1199.6623333333334,1,2012
NZ-18565,2011-02-08,2014-07-10,7,1475.616,301.185,0.25,0.0,248.02759999999998,1248,Repeat,20.410797931169085,210.80228571428572,2,2011
ON-18715,2011-02-12,2013-12-03,4,753.08,218.8456,0.1,0.0,169.0512,1025,Repeat,29.060073298985493,188.27,3,2011
OT-18730,2013-11-06,2013-11-06,1,1388.7800000000002,-191.56,0.06666666666666667,0.06666666666666667,-191.56,0,One-time,-13.793401402669968,1388.7800000000002,10,2013
PA-19060,2012-02-03,2012-02-03,1,112.03999999999999,53.581599999999995,0.0,0.0,53.581599999999995,0,One-time,47.8236344162799,112.03999999999999,6,2012
PB-18805,2014-06-12,2014-06-12,1,497.04400000000004,125.8218,0.16,0.16,125.8218,0,One-time,25.31401646534311,497.04400000000004,4,2014
PB-19105,2014-04-11,2014-04-11,1,40.776,0.5097,0.2,0.2,0.5097,0,One-time,1.25,40.776,9,2014
PB-19150,2011-12-12,2011-12-12,1,23.472,7.6284,0.2,0.2,7.6284,0,One-time,32.5,23.472,8,2011
PB-19210,2013-11-02,2013-11-02,1,69.93,0.6993,0.0,0.0,0.6993,0,One-time,1.0,69.93,8,2013
PC-18745,2013-11-11,2013-11-11,1,225.82799999999997,66.57419999999999,0.1,0.1,66.57419999999999,0,One-time,29.480046761251927,225.82799999999997,6,2013
PC-19000,2011-08-04,2012-01-08,2,1061.488,-184.3364,0.15000000000000002,0.2,-11.8256,157,Repeat,-17.365848695416243,530.744,10,2011
PF-19120,2011-05-05,2012-07-04,2,887.74,-1115.6038,0.25,0.0,17.6846,426,Repeat,-125.66785320026135,443.87,10,2011
PF-19165,2013-01-07,2013-10-11,2,1782.8,478.67859999999996,0.0,0.0,301.0897,277,Repeat,26.84982050706753,891.4,2,2013
PF-19225,2013-04-11,2014-08-09,3,2058.946,547.9551,0.03888888888888889,0.05,469.9156,485,Repeat,26.613378884147522,686.3153333333333,1,2013
PG-18820,2011-09-05,2014-12-11,5,1042.7259999999999,359.607,0.18,0.0,44.3808,1193,Repeat,34.48719989719256,208.54519999999997,2,2011
PG-18895,2011-11-05,2014-04-11,3,753.48,12.897899999999996,0.14444444444444446,0.3333333333333333,-70.7293,888,Repeat,1.7117773530817004,251.16,8,2011
PJ-18835,2013-04-11,2014-04-11,3,50.0,20.435000000000002,0.13333333333333333,0.2,3.3524,365,Repeat,40.870000000000005,16.666666666666668,7,2013
PJ-19015,2011-07-04,2013-09-09,2,155.0,-10.0009,0.1,0.0,2.7776,798,Repeat,-6.452193548387096,77.5,9,2011
PK-18910,2011-04-04,2013-04-09,2,1441.152,-798.705,0.275,0.0,9.072,736,Repeat,-55.4212879696243,720.576,10,2011
PK-19075,2011-11-11,2014-08-11,5,2917.956,284.5315,0.04,0.0,13.3176,1004,Repeat,9.751055190688275,583.5912000000001,2,2011
PL-18925,2011-01-11,2011-01-11,1,65.8,31.83,0.0,0.0,31.83,0,One-time,48.37386018237082,65.8,7,2011
PM-18940,2011-04-05,2013-10-12,2,1103.6599999999999,179.589,0.0,0.0,21.06,921,Repeat,16.27213090988167,551.8299999999999,3,2011
PM-19135,2013-09-10,2014-10-11,2,751.288,89.89179999999999,0.2,0.2,20.2986,396,Repeat,11.965025396385938,375.644,5,2013
PN-18775,2012-07-08,2014-10-11,4,253.828,68.00280000000001,0.1,0.2,6.4638,825,Repeat,26.790897773295306,63.457,6,2012
PO-18850,2011-02-11,2014-07-07,5,434.46000000000004,74.5114,0.13333333333333336,0.2,7.7679,1242,Repeat,17.15034755788795,86.89200000000001,5,2011
PO-18865,2014-06-08,2014-06-08,1,338.86,156.541,0.0,0.0,156.541,0,One-time,46.19636428023372,338.86,4,2014
PO-19180,2012-10-11,2012-11-08,2,2315.08,681.9528,0.0,0.0,644.3432,28,Repeat,29.456986367641722,1157.54,1,2012
PO-19195,2011-05-01,2014-06-10,2,524.782,-37.1917,0.25000000000000006,0.4000000000000001,-65.9901,1136,Repeat,-7.087076157337712,262.391,9,2011
PP-18955,2011-08-09,2013-11-11,4,3453.3440000000005,782.7309,0.08194444444444444,0.05,15.126800000000001,825,Repeat,22.66588269225423,863.3360000000001,1,2011
PR-18880,2011-05-09,2012-11-04,2,153.872,26.4166,0.2,0.2,1.999,545,Repeat,17.16790579182697,76.936,7,2011
PS-18760,2013-10-03,2013-10-03,1,435.84999999999997,124.1886,0.0,0.0,124.1886,0,One-time,28.49342663760468,435.84999999999997,4,2013
PS-18970,2012-11-05,2014-05-10,3,219.94799999999998,28.8286,0.06666666666666667,0.2,16.7972,551,Repeat,13.107007110771638,73.31599999999999,7,2012
PS-19045,2013-08-11,2014-09-05,3,3389.8320000000003,1064.7959999999998,0.06666666666666667,0.0,6.321,390,Repeat,31.411468178953992,1129.9440000000002,1,2013
PT-19090,2011-12-09,2013-06-09,2,98.636,-25.552,0.5,0.8,-8.029,548,Repeat,-25.905348959811832,49.318,9,2011
PV-18985,2011-12-07,2014-12-03,3,2332.0260000000003,278.9228,0.10833333333333334,0.225,-4.5604,1092,Repeat,11.960535602947822,777.3420000000001,2,2011
PW-19030,2012-03-02,2014-06-08,3,220.482,75.9214,0.03333333333333333,0.1,15.147,828,Repeat,34.434284884933916,73.494,5,2012
PW-19240,2012-03-12,2012-03-12,1,359.499,-29.6058,0.15,0.15,-29.6058,0,One-time,-8.235294117647058,359.499,9,2012
QJ-19255,2011-01-06,2014-06-12,7,5638.954,999.1636,0.1142857142857143,0.05,78.8848,1253,Repeat,17.718952841253895,805.5648571428571,1,2011
RA-19285,2013-05-08,2014-05-09,4,1102.6860000000001,306.09860000000003,0.2833333333333333,0.8,-6.567,366,Repeat,27.759362139357894,275.67150000000004,2,2013
RA-19885,2011-08-04,2014-06-11,3,1380.518,372.2062,0.06666666666666667,0.0,316.1392,1042,Repeat,26.96134349570234,460.17266666666666,2,2011
RA-19915,2011-01-11,2011-01-11,1,2027.144,252.3136,0.2,0.2,252.3136,0,One-time,12.446752672725767,2027.144,3,2011
RA-19945,2012-10-12,2012-10-12,1,25.488,4.4604,0.2,0.2,4.4604,0,One-time,17.5,25.488,8,2012
RB-19360,2013-02-04,2013-02-04,1,560.78,116.3488,0.0,0.0,116.3488,0,One-time,20.747672884197012,560.78,4,2013
RB-19435,2011-10-10,2014-12-12,4,959.952,187.92549999999997,0.375,0.7,-84.7894,1159,Repeat,19.576551744253877,239.988,3,2011
RB-19465,2011-07-09,2013-10-03,4,1389.114,355.19820000000004,0.08333333333333334,0.0,178.27100000000002,817,Repeat,25.570125993978902,347.2785,2,2011
RB-19570,2013-04-09,2014-06-12,2,398.474,74.8437,0.15,0.3,0.0,429,Repeat,18.78258054477833,199.237,5,2013
RB-19705,2014-07-11,2014-07-11,1,5.682,-3.788,0.7,0.7,-3.788,0,One-time,-66.66666666666666,5.682,9,2014
RB-19795,2011-03-06,2014-06-10,3,201.054,78.58680000000001,0.06666666666666667,0.0,7.4872,1192,Repeat,39.08740935271122,67.018,5,2011
RC-19825,2011-05-12,2013-07-06,3,363.524,40.859,0.06666666666666667,0.0,6.8768,786,Repeat,11.239698066702612,121.17466666666667,6,2011
RC-19960,2011-06-12,2014-12-09,3,462.986,-126.4868,0.25,0.35,-166.1292,1276,Repeat,-27.319789367281086,154.32866666666666,10,2011
RD-19480,2011-08-06,2013-05-03,3,1891.0700000000002,178.917,0.03333333333333333,0.1,109.524,636,Repeat,9.461151623155144,630.3566666666667,3,2011
RD-19585,2011-02-04,2014-04-07,5,1820.508,510.59439999999995,0.04,0.0,341.38239999999996,1158,Repeat,28.04680891267712,364.1016,1,2011
RD-19660,2012-12-04,2014-08-09,2,1618.68,757.8186000000001,0.0,0.0,0.4074,613,Repeat,46.8170731707317,809.34,1,2012
RD-19720,2011-02-11,2014-10-12,5,706.067,38.24249999999999,0.24749999999999997,0.0,40.157399999999996,1339,Repeat,5.416270693857664,141.2134,6,2011
RD-19810,2013-03-09,2014-04-02,3,712.9359999999999,182.4097,0.26666666666666666,0.5,20.564100000000003,389,Repeat,25.585704747691235,237.6453333333333,3,2013
RD-19900,2011-05-04,2014-08-09,3,1895.92,270.5197,0.07777777777777778,0.0,50.844300000000004,1193,Repeat,14.268518713869783,631.9733333333334,3,2011
RD-19930,2011-03-10,2014-11-04,2,164.012,0.6931000000000047,0.30000000000000004,0.4,-23.2796,1335,Repeat,0.42259102992464254,82.006,8,2011
RE-19450,2011-03-06,2014-04-03,2,237.05599999999998,-15.1282,0.26666666666666666,0.3333333333333333,-24.8722,1124,Repeat,-6.381698839092873,118.52799999999999,9,2011
RF-19345,2013-05-03,2013-06-12,2,22.032,7.4124,0.2,0.2,3.528,40,Repeat,33.6437908496732,11.016,8,2013
RF-19735,2011-06-08,2014-03-10,2,338.56000000000006,130.3402,0.0,0.0,22.6476,1006,Repeat,38.49840500945179,169.28000000000003,4,2011
RF-19840,2011-12-11,2011-12-11,1,49.632,4.9632,0.2,0.2,4.9632,0,One-time,10.0,49.632,8,2011
RH-19510,2013-11-03,2013-11-03,1,3384.45,382.8315,0.1,0.1,382.8315,0,One-time,11.311483402029873,3384.45,2,2013
RH-19555,2012-04-12,2012-04-12,1,8.226,-6.0324,0.7,0.7,-6.0324,0,One-time,-73.33333333333333,8.226,9,2012
RH-19600,2012-02-07,2012-08-11,2,2056.74,165.37609999999998,0.12,0.24,-39.8683,186,Repeat,8.040690607466184,1028.37,4,2012
RK-19300,2012-12-10,2014-03-09,2,221.862,-9.863199999999999,0.30000000000000004,0.4,-13.978,454,Repeat,-4.445646392802733,110.931,9,2012
RL-19615,2011-05-12,2014-08-07,5,4837.669,155.1444,0.2147619047619048,0.0,42.193400000000004,1183,Repeat,3.2070073417590166,967.5337999999999,4,2011
RM-19375,2011-11-05,2013-09-04,3,617.414,169.6614,0.06666666666666667,0.2,7.6154,669,Repeat,27.47935744897265,205.80466666666666,4,2011
RM-19675,2012-01-10,2012-01-10,1,334.43,103.92099999999999,0.0,0.0,103.92099999999999,0,One-time,31.07406632180127,334.43,5,2012
RM-19750,2014-07-03,2014-07-03,1,98.35,28.6879,0.0,0.0,28.6879,0,One-time,29.169191662430098,98.35,7,2014
RO-19780,2012-04-12,2013-11-11,4,1853.29,-993.5316000000001,0.16249999999999998,0.44999999999999996,-1053.3600000000001,578,Repeat,-53.60907359344734,463.3225,10,2012
RP-19270,2012-06-08,2012-06-08,1,467.6532,-91.21629999999999,0.38,0.38,-91.21629999999999,0,One-time,-19.505116184386203,467.6532,10,2012
RP-19390,2011-01-12,2012-07-04,5,2929.116,709.5640000000001,0.08,0.0,686.4744000000001,539,Repeat,24.22451005695917,585.8232,1,2011
RP-19855,2011-05-04,2014-03-12,3,662.93,219.2774,0.06666666666666667,0.0,56.5264,1043,Repeat,33.07700662211697,220.97666666666666,3,2011
RR-19315,2014-12-12,2014-12-12,1,608.552,-77.3036,0.36666666666666664,0.36666666666666664,-77.3036,0,One-time,-12.702875021362185,608.552,9,2014
RR-19525,2011-09-09,2012-05-12,2,2401.794,554.53,0.1,0.0,543.5698,246,Repeat,23.088158268361067,1200.897,1,2011
RS-19420,2011-05-08,2014-09-01,3,2142.3999999999996,413.7152,0.0,0.0,318.929,1212,Repeat,19.310828976848395,714.1333333333332,2,2011
RS-19765,2011-06-12,2014-09-09,5,2148.35,589.643,0.24,0.0,327.9458,1185,Repeat,27.446319268275655,429.66999999999996,1,2011
RS-19870,2013-08-06,2014-12-12,2,22.328,9.5838,0.1,0.2,3.4974,493,Repeat,42.92278753135077,11.164,8,2013
RW-19540,2012-03-02,2014-08-05,3,2784.614,758.3917,0.008333333333333333,0.0,41.076,886,Repeat,27.235074592026038,928.2046666666666,1,2012
RW-19630,2013-06-03,2014-03-10,3,272.298,55.10510000000001,0.19999999999999998,0.2,49.594300000000004,280,Repeat,20.237056460201696,90.766,6,2013
RW-19690,2014-11-09,2014-11-09,1,808.92,125.3079,0.0,0.0,125.3079,0,One-time,15.490765465064532,808.92,4,2014
SA-20830,2014-04-04,2014-10-04,2,291.246,81.83,0.2833333333333333,0.2,2.205,183,Repeat,28.096523214052727,145.623,5,2014
SB-20170,2011-06-06,2014-10-02,2,393.472,-15.646800000000002,0.25,0.5,-33.3918,1214,Repeat,-3.9765980806766437,196.736,9,2011
SB-20290,2011-07-09,2014-10-09,4,1648.904,-403.33720000000005,0.09375,0.375,-561.1412,1188,Repeat,-24.460926773177825,412.226,10,2011
SC-20020,2011-02-04,2012-10-11,4,2009.4340000000002,-96.67479999999995,0.3,0.2,19.817,615,Repeat,-4.811046294628235,502.35850000000005,10,2011
SC-20050,2014-01-10,2014-12-04,3,390.54,79.87200000000001,0.5666666666666668,0.8,-17.469,328,Repeat,20.451682286065452,130.18,5,2014
SC-20095,2011-02-09,2012-08-11,3,2065.882,938.1857,0.08333333333333333,0.0,843.1706,549,Repeat,45.4133246719803,688.6273333333334,1,2011
SC-20230,2013-07-06,2014-04-08,3,1032.836,164.24099999999999,0.06666666666666667,0.0,48.5392,276,Repeat,15.901943774229402,344.27866666666665,4,2013
SC-20260,2011-06-04,2014-01-04,2,721.0699999999999,22.363500000000002,0.4,0.0,113.1375,945,Repeat,3.101432593229507,360.53499999999997,7,2011
SC-20305,2014-02-12,2014-11-06,2,555.429,25.4137,0.19999999999999998,0.39999999999999997,-28.9195,267,Repeat,4.57550830079092,277.7145,7,2014
SC-20380,2011-01-03,2014-04-02,4,2987.352,-547.1709000000001,0.29375,0.325,-61.157700000000006,1185,Repeat,-18.31625131554635,746.838,10,2011
SC-20440,2012-01-10,2012-04-09,2,147.08,11.3032,0.44999999999999996,0.2,17.428,90,Repeat,7.685069350013597,73.54,8,2012
SC-20575,2012-09-10,2012-09-10,1,50.461999999999996,-2.4326,0.5333333333333333,0.5333333333333333,-2.4326,0,One-time,-4.820657128136023,50.461999999999996,9,2012
SC-20695,2012-10-11,2014-11-08,6,1567.5079999999998,268.3348,0.23333333333333336,0.0,207.147,758,Repeat,17.11856016045851,261.2513333333333,3,2012
SC-20725,2011-03-06,2014-02-01,4,1905.632,367.30060000000003,0.10833333333333334,0.0,113.4936,1063,Repeat,19.274476918943428,476.408,2,2011
SC-20770,2014-03-03,2014-03-03,1,19.198,-21.5615,0.5,0.5,-21.5615,0,One-time,-112.31117824773415,19.198,9,2014
SC-20800,2012-11-12,2014-01-12,2,208.696,41.4596,0.2,0.2,40.6308,426,Repeat,19.866025223291295,104.348,6,2012
SC-20845,2013-12-11,2013-12-11,1,14.112,1.2348,0.2,0.2,1.2348,0,One-time,8.75,14.112,8,2013
SD-20485,2011-06-04,2011-12-09,3,398.71400000000006,17.206899999999997,0.15555555555555556,0.26666666666666666,-16.404200000000003,188,Repeat,4.315599652884021,132.90466666666669,7,2011
SE-20110,2011-11-04,2013-12-06,5,10402.534000000001,2836.4474,0.16333333333333333,0.2,3.3544,763,Repeat,27.26688900992777,2080.5068,1,2011
SF-20065,2011-10-09,2014-02-11,3,612.55,214.2335,0.06666666666666667,0.0,98.58840000000001,856,Repeat,34.97404293527059,204.1833333333333,3,2011
SF-20200,2012-05-03,2014-02-11,4,2787.81,274.2039,0.025,0.0,23.0839,649,Repeat,9.835817362015346,696.9525,3,2012
SF-20965,2012-03-01,2014-12-08,4,1697.134,99.347,0.1875,0.2,3.6288,1012,Repeat,5.853810011466389,424.2835,5,2012
SG-20470,2012-02-10,2014-01-07,2,1071.45,-283.0311,0.2,0.0,12.947400000000002,697,Repeat,-26.41570768584628,535.725,10,2012
SG-20605,2011-03-11,2012-06-12,2,2622.882,403.6594,0.06666666666666667,0.13333333333333333,240.6926,459,Repeat,15.389918417984493,1311.441,2,2011
SG-20890,2013-02-08,2013-02-08,1,19.648,6.6312,0.2,0.2,6.6312,0,One-time,33.75,19.648,8,2013
SH-19975,2011-10-12,2014-07-03,4,1221.468,141.73329999999999,0.08333333333333333,0.06666666666666667,58.6966,995,Repeat,11.603521336621178,305.367,4,2011
SH-20395,2011-02-11,2014-11-09,8,2173.614,-145.05180000000004,0.18437499999999998,0.1,110.46499999999999,1367,Repeat,-6.673300779255196,271.70175,10,2011
SJ-20125,2013-09-03,2014-12-08,5,353.038,118.23230000000001,0.08000000000000002,0.4000000000000001,43.6122,461,Repeat,33.48996425313989,70.6076,4,2013
SJ-20215,2012-06-07,2014-02-12,4,913.0939999999999,9.275099999999998,0.36250000000000004,0.2,-17.0352,615,Repeat,1.0157880787739269,228.27349999999998,8,2012
SJ-20500,2011-09-10,2013-02-12,2,1000.592,229.8363,0.05,0.1,38.9355,521,Repeat,22.970031741209205,500.296,3,2011
SL-20155,2011-03-10,2013-11-12,2,74.24,8.192400000000001,0.1,0.2,5.082000000000001,978,Repeat,11.03502155172414,37.12,8,2011
SM-20005,2011-10-12,2013-05-11,2,195.192,-47.534800000000004,0.35,0.1,42.446,577,Repeat,-24.352842329603675,97.596,9,2011
SM-20320,2014-10-07,2014-10-07,1,526.45,31.587,0.0,0.0,31.587,0,One-time,5.999999999999999,526.45,7,2014
SM-20905,2013-04-05,2013-04-05,1,1043.041,-237.2885,0.2833333333333333,0.2833333333333333,-237.2885,0,One-time,-22.74968098090104,1043.041,10,2013
SM-20950,2011-01-11,2014-06-12,3,455.736,146.7268,0.06666666666666667,0.2,5.1012,1248,Repeat,32.19556936471993,151.912,4,2011
SN-20560,2012-11-09,2014-11-09,3,1191.984,-966.548,0.26666666666666666,0.0,163.888,730,Repeat,-81.0873300312756,397.328,10,2012
SN-20710,2011-06-05,2011-06-05,1,113.72,32.9398,0.0,0.0,32.9398,0,One-time,28.96570524094267,113.72,7,2011
SO-20335,2012-04-12,2014-10-09,4,2417.3235,-161.15220000000005,0.14375,0.05,98.1968,910,Repeat,-6.6665549728863365,604.330875,10,2012
SP-20545,2013-10-10,2014-07-02,2,625.668,62.58699999999999,0.15000000000000002,0.2,-18.9824,265,Repeat,10.003228549326478,312.834,6,2013
SP-20620,2011-08-09,2014-10-09,5,4459.123,-369.34759999999994,0.17583333333333334,0.0,4.195,1157,Repeat,-8.282965058375828,891.8245999999999,10,2011
SP-20650,2011-03-11,2013-10-12,4,736.884,214.016,0.0625,0.0,18.8937,946,Repeat,29.043377247979326,184.221,3,2011
SP-20860,2012-05-09,2014-05-03,2,67.57,29.989400000000003,0.0,0.0,20.271600000000003,724,Repeat,44.38271422228801,33.785,7,2012
SR-20425,2014-03-11,2014-09-11,2,265.27200000000005,-2.543599999999998,0.15,0.3,-35.5136,184,Repeat,-0.9588648632347166,132.63600000000002,9,2014
SR-20740,2011-05-11,2013-04-04,4,139.086,21.8616,0.1,0.0,16.2486,694,Repeat,15.718044950606098,34.7715,7,2011
SS-20140,2014-01-05,2014-04-06,2,86.678,22.1144,0.13333333333333333,0.2,6.9585,91,Repeat,25.513279032741874,43.339,7,2014
SS-20410,2011-07-09,2014-12-09,3,534.638,-477.2145999999999,0.19999999999999998,0.6,-536.1275999999999,1249,Repeat,-89.25938672522341,178.21266666666668,10,2011
SS-20590,2011-05-08,2013-10-05,3,182.17000000000002,32.8326,0.0,0.0,15.1416,881,Repeat,18.023055387824556,60.723333333333336,7,2011
SS-20875,2014-02-09,2014-02-09,1,42.91,14.8186,0.1,0.1,14.8186,0,One-time,34.534141225821486,42.91,8,2014
SU-20665,2012-05-12,2014-11-12,5,1199.234,411.8112,0.08,0.0,76.4,914,Repeat,34.33952006030516,239.84679999999997,2,2012
SV-20365,2011-12-01,2014-07-08,4,1104.896,78.5299,0.1,0.0,3.0814,950,Repeat,7.107447216751622,276.224,5,2011
SV-20785,2011-02-06,2012-07-11,5,2474.639,372.4147,0.13285714285714284,0.0,176.92719999999997,521,Repeat,15.049253648714014,494.92780000000005,2,2011
SV-20815,2012-04-05,2012-04-05,1,125.93,35.2604,0.0,0.0,35.2604,0,One-time,27.999999999999993,125.93,7,2012
SV-20935,2014-03-12,2014-06-11,2,458.61,126.69,0.35,0.7,-45.24,91,Repeat,27.624779224177406,229.305,4,2014
SW-20245,2012-02-11,2014-11-10,3,423.17,-58.717,0.28333333333333327,0.1,8.5372,1003,Repeat,-13.875511023938369,141.05666666666667,9,2012
SW-20275,2011-10-03,2014-01-12,3,1081.75,276.0399,0.03333333333333333,0.0,10.7424,832,Repeat,25.517901548416916,360.5833333333333,2,2011
SW-20350,2013-10-04,2013-10-04,1,523.18,137.0828,0.0,0.0,137.0828,0,One-time,26.201842578080203,523.18,4,2013
SW-20455,2012-06-09,2012-11-12,3,402.5,161.8626,0.0,0.0,22.3548,156,Repeat,40.21431055900621,134.16666666666666,4,2012
SW-20755,2011-02-11,2011-02-11,1,94.732,19.7177,0.1,0.1,19.7177,0,One-time,20.814191614238062,94.732,7,2011
SZ-20035,2011-04-11,2014-09-07,7,1040.781,15.429100000000005,0.1438095238095238,0.2,18.8732,1245,Repeat,1.4824540417244363,148.683,8,2011
TA-21385,2011-12-09,2014-05-04,3,879.1619999999999,106.62259999999998,0.19999999999999998,0.0,180.42579999999998,877,Repeat,12.127753474331238,293.054,5,2011
TB-21055,2014-03-09,2014-04-08,2,254.16,119.1754,0.1,0.0,113.8064,30,Repeat,46.88991186654076,127.08,4,2014
TB-21175,2011-08-12,2014-03-11,3,3397.488,853.5667000000001,0.08888888888888889,0.2,6.0416,942,Repeat,25.1234647480727,1132.4959999999999,1,2011
TB-21190,2014-11-11,2014-12-11,2,42.72,13.9788,0.0,0.0,2.106,30,Repeat,32.72191011235955,21.36,8,2014
TB-21250,2011-08-12,2013-08-10,4,961.152,341.2109,0.16562500000000002,0.2625,13.8141,729,Repeat,35.50020184112398,240.288,2,2011
TB-21280,2011-01-12,2011-01-12,1,95.968,9.5968,0.2,0.2,9.5968,0,One-time,9.999999999999998,95.968,8,2011
TB-21355,2014-07-08,2014-07-08,1,115.296,40.3536,0.2,0.2,40.3536,0,One-time,35.0,115.296,6,2014
TB-21400,2011-04-02,2014-12-06,3,1856.71,521.4925999999999,0.09333333333333334,0.2,31.5614,1344,Repeat,28.086917181466138,618.9033333333333,1,2011
TB-21520,2013-04-02,2013-04-02,1,14.368,3.9512,0.2,0.2,3.9512,0,One-time,27.5,14.368,8,2013
TB-21595,2011-07-11,2011-07-11,1,146.688,18.1296,0.2,0.2,18.1296,0,One-time,12.359293193717278,146.688,7,2011
TB-21625,2011-06-08,2014-01-12,4,1521.9859999999999,139.57580000000002,0.075,0.0,83.9916,949,Repeat,9.170636260780324,380.49649999999997,4,2011
TC-20980,2011-07-11,2013-03-10,2,18437.138000000003,8745.0635,0.25,0.5,-17.325599999999998,608,Repeat,47.431784152182395,9218.569000000001,1,2011
TC-21295,2013-10-06,2014-07-05,3,921.34,81.66319999999999,0.16666666666666666,0.5,-27.828,272,Repeat,8.863524865956105,307.11333333333334,5,2013
TC-21475,2013-06-12,2014-03-04,3,849.092,143.43959999999998,0.26666666666666666,0.0,13.2288,265,Repeat,16.89329307071554,283.03066666666666,4,2013
TC-21535,2011-03-11,2014-08-12,3,122.47999999999999,54.682,0.0,0.0,3.36,1250,Repeat,44.645656433703465,40.82666666666666,6,2011
TD-20995,2014-09-07,2014-12-11,3,74.93599999999999,-10.697000000000003,0.39999999999999997,0.0,18.79,95,Repeat,-14.27484787018256,24.978666666666665,9,2014
TG-21310,2012-09-03,2013-03-09,2,1004.588,451.66139999999996,0.1,0.2,1.6704,187,Repeat,44.95986414331049,502.294,2,2012
TG-21640,2012-09-06,2014-08-09,2,744.556,185.5943,0.05,0.1,101.1671,702,Repeat,24.92684230601862,372.278,3,2012
TH-21100,2013-10-05,2013-10-05,1,27.86,9.1938,0.0,0.0,9.1938,0,One-time,33.0,27.86,8,2013
TH-21115,2013-09-07,2014-03-11,2,904.464,-175.1401,0.125,0.0,6.2208,185,Repeat,-19.36396584054202,452.232,10,2013
TH-21235,2011-04-11,2014-09-06,3,547.652,60.7406,0.06666666666666668,0.0,0.7938,1244,Repeat,11.091094344583787,182.55066666666667,6,2011
TH-21550,2011-05-04,2011-05-04,1,55.48,26.6304,0.0,0.0,26.6304,0,One-time,48.0,55.48,7,2011
TM-21010,2011-08-08,2012-12-09,2,616.54,154.8022,0.0,0.0,110.0528,489,Repeat,25.108216822914976,308.27,4,2011
TN-21040,2011-10-10,2014-02-10,3,802.312,211.22830000000002,0.03333333333333333,0.1,21.2518,854,Repeat,26.327451166129887,267.43733333333336,3,2011
TP-21130,2013-01-09,2014-05-12,3,1860.3180000000002,445.09159999999997,0.06666666666666667,0.2,2.3968,488,Repeat,23.925565414085114,620.1060000000001,2,2013
TP-21415,2014-10-02,2014-10-02,1,397.74399999999997,-436.2648,0.6000000000000001,0.6000000000000001,-436.2648,0,One-time,-109.68482239832656,397.74399999999997,10,2014
TP-21565,2012-01-03,2013-05-11,3,1598.952,139.26719999999997,0.3333333333333333,0.2,34.742,494,Repeat,8.709904987766986,532.984,4,2012
TR-21325,2011-01-12,2013-09-09,3,410.59999999999997,138.1184,0.0,0.0,28.518,971,Repeat,33.63818801753532,136.86666666666665,4,2011
TS-21085,2014-08-01,2014-08-01,1,2.808,-1.9656,0.7,0.7,-1.9656,0,One-time,-70.0,2.808,9,2014
TS-21160,2013-04-03,2013-04-03,1,60.63,19.6002,0.0,0.0,19.6002,0,One-time,32.327560613557644,60.63,7,2013
TS-21205,2011-09-06,2013-02-08,3,1249.124,110.02420000000001,0.19999999999999998,0.0,55.312,521,Repeat,8.808108722592793,416.37466666666666,5,2011
TS-21340,2011-08-09,2012-10-03,2,9.72,1.1223999999999998,0.5,0.2,3.0128,421,Repeat,11.547325102880656,4.86,8,2011
TS-21370,2012-11-07,2014-12-05,3,6856.017,1301.4909000000002,0.27777777777777773,0.09999999999999999,260.1058,758,Repeat,18.98319242790676,2285.339,1,2012
TS-21430,2011-11-11,2014-12-07,2,647.68,-228.04229999999998,0.275,0.35,-242.75119999999998,1122,Repeat,-35.209100172924906,323.84,10,2011
TS-21505,2014-04-07,2014-08-11,2,563.8919999999999,179.3592,0.05,0.0,26.598,126,Repeat,31.807367368219445,281.94599999999997,3,2014
TS-21610,2013-10-09,2014-06-11,2,261.004,34.1522,0.32499999999999996,0.2,5.484,245,Repeat,13.084933564236563,130.502,7,2013
TS-21655,2012-06-02,2014-07-05,3,2167.904,-236.39780000000002,0.25833333333333336,0.4000000000000001,-126.35340000000001,763,Repeat,-10.904440418025892,722.6346666666667,10,2012
TT-21070,2011-08-09,2013-12-05,3,284.854,122.3469,0.06666666666666667,0.0,111.8871,849,Repeat,42.95073967716796,94.95133333333332,4,2011
TT-21220,2012-06-04,2014-01-07,4,648.474,155.8023,0.16000000000000003,0.44000000000000006,-16.3542,582,Repeat,24.025990247874237,162.1185,4,2012
TT-21265,2013-03-10,2013-03-10,1,61.44,16.5888,0.0,0.0,16.5888,0,One-time,27.0,61.44,8,2013
TT-21460,2012-08-12,2014-05-03,2,2193.7960000000003,205.00950000000003,0.26666666666666666,0.2,281.1181,629,Repeat,9.344966441729314,1096.8980000000001,3,2012
TW-21025,2012-01-12,2012-05-09,2,4278.610000000001,610.3104000000001,0.02,0.04,598.0776000000001,118,Repeat,14.264221324215107,2139.3050000000003,1,2012
TZ-21580,2011-11-11,2012-04-12,2,1209.276,147.5758,0.10000000000000002,0.20000000000000004,132.29399999999998,153,Repeat,12.2036491255925,604.638,4,2011
VB-21745,2014-07-11,2014-09-03,2,674.32,181.2066,0.0,0.0,2.8322,54,Repeat,26.87249377150314,337.16,3,2014
VD-21670,2011-04-08,2012-05-11,3,4733.2300000000005,1442.6969,0.08888888888888889,0.06666666666666667,576.5563,399,Repeat,30.480177384154157,1577.7433333333336,1,2011
VF-21715,2011-01-03,2014-09-07,2,785.164,-120.76559999999998,0.15,0.25,-166.4388,1343,Repeat,-15.380939523462612,392.582,10,2011
VG-21790,2011-08-08,2014-09-07,3,441.804,46.039,0.13333333333333333,0.2,-7.7728,1126,Repeat,10.420684285339203,147.268,6,2011
VM-21685,2011-07-04,2014-07-11,5,1738.988,458.1479,0.08,0.0,78.2361,1103,Repeat,26.3456619597145,347.7976,2,2011
VM-21835,2014-05-09,2014-05-09,1,14.82,6.9654,0.0,0.0,6.9654,0,One-time,47.0,14.82,8,2014
VP-21730,2012-05-07,2014-01-12,3,993.9019999999999,205.3888,0.06666666666666667,0.0,8.93,615,Repeat,20.66489452682458,331.30066666666664,3,2012
VP-21760,2011-06-09,2011-09-12,3,734.4839999999999,118.2051,0.06666666666666667,0.0,39.6308,95,Repeat,16.093624912183248,244.82799999999997,4,2011
VS-21820,2011-08-01,2013-08-01,2,274.38599999999997,-79.79410000000001,0.5333333333333333,0.7,-71.9621,731,Repeat,-29.08096623005548,137.19299999999998,9,2011
VT-21700,2011-06-06,2012-05-04,2,1736.596,-224.08889999999997,0.275,0.2,33.831,333,Repeat,-12.903916627701546,868.298,10,2011
VW-21775,2011-11-05,2014-12-02,6,3755.732,-1039.1790999999998,0.15,0.3,-69.312,1123,Repeat,-27.669149449428232,625.9553333333333,10,2011
WB-21850,2011-04-11,2014-12-11,7,4589.939,460.16810000000004,0.2312987012987013,0.16,159.6372,1340,Repeat,10.025582039325577,655.7055714285715,2,2011
XP-21865,2011-06-10,2014-10-10,6,878.4820000000001,388.3072,0.042857142857142864,0.0,1.9089,1218,Repeat,44.20206674695668,146.41366666666667,2,2011
YC-21895,2012-12-11,2013-08-04,3,1587.18,434.3317,0.13333333333333333,0.0,7.065,236,Repeat,27.364993258483597,529.0600000000001,2,2012
YS-21880,2012-08-12,2014-06-05,4,967.192,182.5832,0.05,0.0,44.5592,662,Repeat,18.87765821057246,241.798,3,2012
ZC-21910,2013-09-03,2014-12-06,5,3161.2059999999997,-1687.7187999999999,0.26666666666666666,0.2,81.409,459,Repeat,-53.388447320421385,632.2411999999999,10,2013
ZD-21925,2013-04-04,2014-12-06,4,1249.184,223.2533,0.1,0.0,146.828,611,Repeat,17.871930796423904,312.296,3,2013
