order_month,orders,lines,revenue,profit,avg_discount,loss_lines,margin_pct,loss_line_pct,rev_growth_pct,profit_growth_pct
2011-01-01,36,73,19462.193,3163.556,0.15684931506849314,12,16.25487939617082,16.438356164383563,,
2011-02-01,32,64,12090.872,2698.1845,0.13593750000000002,10,22.315880111872826,15.625,-37.875079134196234,-14.710392355943757
2011-03-01,33,60,7257.755999999999,-520.0686999999999,0.2116666666666667,18,-7.165695567610705,30.0,-39.9732624743691,-119.27476419792642
2011-04-01,28,57,12146.598,3682.9927,0.07719298245614035,3,30.32118705171604,5.2631578947368425,67.36024192601681,-808.1742662075221
2011-05-01,38,81,15683.319000000001,1653.3954,0.1271604938271605,14,10.542382004727443,17.28395061728395,29.116967565733233,-55.10728544208084
2011-06-01,28,48,7209.773,545.9807000000001,0.20833333333333334,15,7.572786272189153,31.25,-54.02903556319936,-66.97821343884227
2011-07-01,34,79,14692.562,1732.4472,0.15443037974683546,14,11.791321350217887,17.72151898734177,103.78674890319016,217.30923822032534
2011-08-01,37,75,27050.681,660.2976000000002,0.16533333333333333,17,2.4409647949343687,22.666666666666668,84.11139595667522,-61.88642285894772
2011-09-01,32,72,17132.948,1922.6427,0.12916666666666668,9,11.221902383641158,12.5,-36.66352429352888,191.1782051002456
2011-10-01,19,46,10098.355,1281.1412,0.15,6,12.686632624818596,13.043478260869565,-41.05885922259264,-33.36561182168689
2011-11-01,35,77,16793.674,801.5872000000002,0.14155844155844155,9,4.773149699106939,11.688311688311689,66.30108567187428,-37.431783475545075
2011-12-01,35,75,19449.0567,1397.3838,0.1496,11,7.184841000540659,14.666666666666666,15.811803301647998,74.32711001373274
2012-01-01,30,59,17442.2304,2996.2925,0.12067796610169491,7,17.17837932011264,11.864406779661017,-10.318373435561023,114.42158553720172
2012-02-01,33,65,13018.315,0.5997000000000483,0.20692307692307693,15,0.004606586950769345,23.076923076923077,-25.36324368241346,-99.97998526512349
2012-03-01,34,65,12207.4066,672.1352,0.168,14,5.505962257372504,21.53846153846154,-6.228981246804988,111978.57261963413
2012-04-01,28,52,11963.696,1542.7275,0.10769230769230768,5,12.895074398413334,9.615384615384615,-1.996415848063915,129.52636612395838
2012-05-01,46,84,10483.482,-157.971,0.2392857142857143,31,-1.5068562143761015,36.904761904761905,-12.3725477477863,-110.23972153215654
2012-06-01,35,67,13112.6482,2149.4103,0.18388059701492537,15,16.391885660441954,22.388059701492537,25.079131151272072,-1460.6360028106424
2012-07-01,34,63,10706.72,-1062.8828000000003,0.1857142857142857,15,-9.927249428396374,23.80952380952381,-18.348148774402418,-149.44997239475407
2012-08-01,37,79,23800.175,6188.0662999999995,0.12658227848101267,8,26.00008739431538,10.126582278481013,122.29193441128561,-682.1964848805529
2012-09-01,37,80,16484.901,4030.0429,0.1025,9,24.446873535970884,11.25,-30.736219376538187,-34.873954081584415
2012-10-01,36,61,12686.224,1232.572,0.10819672131147542,10,9.715830336907182,16.39344262295082,-23.043371628376786,-69.41541242650295
2012-11-01,26,71,12139.0395,882.0068,0.16830985915492958,13,7.265869758476359,18.309859154929576,-4.313218022951504,-28.441762428482875
2012-12-01,35,77,9909.191,1234.7488,0.14935064935064934,11,12.460641842507627,14.285714285714286,-18.36923341422524,39.993115699334744
2013-01-01,24,39,10292.504,1209.3423,0.15384615384615385,9,11.749738450429554,23.076923076923077,3.868257257328067,-2.0576250003239593
2013-02-01,48,102,35583.275,9853.4934,0.09705882352941177,11,27.691361742279202,10.784313725490197,245.7202931376077,714.7811748584334
2013-03-01,37,81,36858.261,11643.6724,0.14716049382716048,17,31.590400860203363,20.987654320987655,3.583104702981932,18.167962643583845
2013-04-01,48,101,24358.233,979.1530999999999,0.16683168316831684,23,4.019803489029766,22.77227722772277,-33.913775801848054,-91.59068491140305
2013-05-01,44,109,24279.686,5727.9682999999995,0.12064220183486239,14,23.591607815685915,12.844036697247706,-0.3224659194285495,484.99210184801547
2013-06-01,55,100,19659.3028,2440.1681,0.1602,22,12.412281985910507,22.0,-19.02983094591916,-57.39906416730693
2013-07-01,36,80,16330.899,1532.1441,0.1925,16,9.381872363548387,20.0,-16.93042644421755,-37.21153472992291
2013-08-01,37,64,18954.195,4278.332399999999,0.1546875,8,22.571955179315182,12.5,16.063390019128775,179.23825180673276
2013-09-01,52,103,21792.5646,-589.1444000000001,0.1720388349514563,23,-2.7034193121079477,22.33009708737864,14.974888672402088,-113.77042139128788
2013-10-01,37,61,9099.536,1262.5531,0.19918032786885245,14,13.874917358423552,22.950819672131146,-58.244767575450936,-314.3028262680592
2013-11-01,52,99,22681.278000000002,2392.7398000000003,0.16464646464646465,20,10.54940466758531,20.2020202020202,149.2575225813712,89.51597362518852
2013-12-01,39,86,21624.474,2936.6684,0.15813953488372093,14,13.580299802899255,16.27906976744186,-4.659367077992716,22.73245925027032
2014-01-01,67,98,24273.3298,3321.041,0.15683673469387757,17,13.681851758138269,17.346938775510203,12.249342111165351,13.088730072486232
2014-02-01,51,105,31839.912,3579.1471,0.15428571428571428,18,11.241070955221234,17.142857142857142,31.172411293979117,7.771843226265496
2014-03-01,76,167,36988.456,3050.2956000000004,0.17964071856287425,39,8.246615106075259,23.353293413173652,16.170094942473455,-14.775908483895495
2014-04-01,77,138,26899.473,5389.1924,0.16992753623188406,23,20.03456498943306,16.666666666666668,-27.276031743525596,76.6777095308402
2014-05-01,56,99,21446.767,-3331.9578,0.22323232323232325,29,-15.535944415305115,29.292929292929294,-20.27067965234859,-161.8266625626504
2014-06-01,40,89,15979.157,2757.0562000000004,0.13820224719101123,13,17.25407792163254,14.606741573033707,-25.49386581203591,-182.7458318949898
2014-07-01,48,84,12648.9558,1933.0534,0.13952380952380952,14,15.282316031177846,16.666666666666668,-20.840906688631943,-29.887051268668387
2014-08-01,55,101,25110.4795,766.0182,0.15792079207920792,19,3.050591686232037,18.81188118811881,98.51820100438648,-60.37263119580659
2014-09-01,47,100,26823.69,5550.3605,0.11800000000000001,16,20.69200956318836,16.0,6.822691299064987,624.572927901713
2014-10-01,60,128,23148.87,2436.6684,0.189453125,30,10.526079242744894,23.4375,-13.699904822938237,-56.09891645776882
2014-11-01,57,96,17558.322,367.5195999999999,0.15104166666666666,17,2.09313623477232,17.708333333333332,-24.150414253481912,-84.91712700833646
2014-12-01,62,114,18206.2,2134.5294,0.16535087719298247,23,11.72418956179763,20.17543859649123,3.689862846802794,480.7933508852318
