year_from,year_to,category,sub_category,sales_prev,sales_cur,profit_prev,profit_cur,delta_sales,delta_profit,growth_effect,margin_effect
2011,2012,Furniture,Bookcases,3831.9507,13701.618199999999,-827.7948,170.48299999999995,9869.6675,998.2778,-2132.0888690527777,3130.3666690527775
2011,2012,Furniture,Chairs,34184.486,26374.98,3858.9254,2387.7208,-7809.505999999998,-1471.2046,-881.5783003100411,-589.626299689959
2011,2012,Furniture,Furnishings,5888.652,8351.578,817.8214,1522.804,2462.9259999999995,704.9826,342.0534257104002,362.92917428959987
2011,2012,Furniture,Tables,20070.137,12114.4275,-499.56649999999996,-513.6523,-7955.709499999999,-14.085800000000006,198.02585054261212,-212.11165054261213
2011,2012,Office Supplies,Appliances,5965.411,5502.527,517.7997000000001,-1541.5651,-462.884,-2059.3648000000003,-40.17848834469244,-2019.186311655308
2011,2012,Office Supplies,Art,3905.756,2761.694,844.2379,636.9188,-1144.062,-207.31909999999993,-247.29156156959112,39.97246156959119
2011,2012,Office Supplies,Binders,11933.831,10021.289999999999,856.5409000000001,-406.75580000000014,-1912.541000000001,-1263.2967000000003,-137.27105649702102,-1126.0256435029794
2011,2012,Office Supplies,Envelopes,998.5659999999999,1581.214,375.9777,661.7586,582.648,285.7809,219.37724191450542,66.40365808549456
2011,2012,Office Supplies,Fasteners,301.704,146.116,50.2097,40.1331,-155.588,-10.0766,-25.893017008723778,15.816417008723779
2011,2012,Office Supplies,Labels,1301.06,959.7700000000001,591.4665,439.079,-341.28999999999985,-152.3875,-155.15164695325345,2.7641469532534586
2011,2012,Office Supplies,Paper,6062.2,4740.774,2662.0848,2023.9388000000001,-1321.4259999999995,-638.146,-580.275818832239,-57.87018116776096
2011,2012,Office Supplies,Storage,17948.38,18096.824,1475.2909,1633.9875,148.4439999999995,158.6966,12.201551469246764,146.49504853075322
2011,2012,Office Supplies,Supplies,5165.7880000000005,1308.198,80.4914,-142.1,-3857.59,-222.5914,-60.107542107031875,-162.4838578929681
2011,2012,Technology,Accessories,10195.742,13715.438,2812.2727,3036.752,3519.696,224.47929999999997,970.831252212855,-746.351952212855
2011,2012,Technology,Copiers,6329.876,8949.797999999999,1450.972,3189.9299,2619.9219999999987,1738.9579,600.5541758138703,1138.4037241861297
2011,2012,Technology,Machines,15241.094000000001,10019.296,-427.6470999999999,2364.4959,-5221.798000000001,2792.143,146.51748565331332,2645.625514346687
2011,2012,Technology,Phones,29743.154,25608.486,4380.4577,4203.82,-4134.667999999998,-176.63770000000022,-608.9380526874719,432.3003526874717
2012,2013,Furniture,Bookcases,13701.618199999999,13626.6204,170.48299999999995,464.2128,-74.99779999999919,293.72980000000007,-0.9331634957832834,294.66296349578334
2012,2013,Furniture,Chairs,26374.98,28224.766,2387.7208,2961.6031,1849.786,573.8822999999998,167.46069599858654,406.42160400141324
2012,2013,Furniture,Furnishings,8351.578,9029.164,1522.804,399.6717,677.5860000000011,-1123.1323000000002,123.54918688947188,-1246.6814868894721
2012,2013,Furniture,Tables,12114.4275,26103.5,-513.6523,-655.6144,13989.0725,-141.96210000000008,-593.1373368235312,451.1752368235311
2012,2013,Office Supplies,Appliances,5502.527,10376.155,-1541.5651,2218.8523,4873.628000000001,3760.4174000000003,-1365.3753693862475,5125.7927693862475
2012,2013,Office Supplies,Art,2761.694,2788.678,636.9188,636.4772,26.983999999999924,-0.441599999999994,6.22321549715499,-6.664815497154984
2012,2013,Office Supplies,Binders,10021.289999999999,17386.784,-406.75580000000014,1597.6435,7365.494000000001,2004.3993,-298.9592561801127,2303.358556180113
2012,2013,Office Supplies,Envelopes,1581.214,2040.214,661.7586,865.3767,459.0,203.61810000000003,192.09746270903244,11.520637290967585
2012,2013,Office Supplies,Fasteners,146.116,387.808,40.1331,78.71039999999999,241.69199999999998,38.577299999999994,66.38457941087901,-27.80727941087902
2012,2013,Office Supplies,Labels,959.7700000000001,1453.394,439.079,591.3692,493.6239999999999,152.29019999999997,225.82486668264266,-73.5346666826427
2012,2013,Office Supplies,Paper,4740.774,7105.76,2023.9388000000001,3162.8664,2364.986,1138.9275999999998,1009.6635964626872,129.26400353731253
2012,2013,Office Supplies,Storage,18096.824,21050.364,1633.9875,3127.7955,2953.540000000001,1493.8080000000002,266.679249394811,1227.1287506051892
2012,2013,Office Supplies,Supplies,1308.198,5321.486,-142.1,-900.7302000000001,4013.2879999999996,-758.6302000000001,-435.9341818287445,-322.69601817125556
2012,2013,Technology,Accessories,13715.438,15844.155999999999,3036.752,3831.4507,2128.717999999999,794.6986999999999,471.32207108048584,323.3766289195141
2012,2013,Technology,Copiers,8949.797999999999,35239.558000000005,3189.9299,15118.8297,26289.760000000006,11928.8998,9370.322267365591,2558.5775326344083
2012,2013,Technology,Machines,10019.296,27678.419,2364.4959,5555.0434000000005,17659.123,3190.5475000000006,4167.45087989173,-976.9033798917299
2012,2013,Technology,Phones,25608.486,37857.382,4203.82,4613.533,12248.895999999997,409.71300000000065,2010.7457341570282,-1601.0327341570276
2013,2014,Furniture,Bookcases,13626.6204,10686.5606,464.2128,-1021.6906,-2940.059799999999,-1485.9034000000001,-100.15787861276591,-1385.7455213872342
2013,2014,Furniture,Chairs,28224.766,32246.989,2961.6031,2486.2414,4022.223000000002,-475.3616999999999,422.0487817575283,-897.4104817575283
2013,2014,Furniture,Furnishings,9029.164,11324.306,399.6717,852.0145,2295.142,452.3428,101.59338172187367,350.7494182781263
2013,2014,Furniture,Tables,26103.5,31125.2705,-655.6144,-4584.0251,5021.770499999999,-3928.4107,-126.12657510660254,-3802.2841248933973
2013,2014,Office Supplies,Appliances,10376.155,17098.93,2218.8523,3060.8437,6722.775,841.9913999999999,1437.6081285536404,-595.6167285536405
2013,2014,Office Supplies,Art,2788.678,3239.556,636.4772,784.4925000000001,450.87800000000016,148.01530000000002,102.90667010734123,45.1086298926588
2013,2014,Office Supplies,Binders,17386.784,26934.203999999998,1597.6435,2023.7809000000002,9547.419999999998,426.1374000000003,877.2970035614404,-451.1596035614401
2013,2014,Office Supplies,Envelopes,2040.214,852.554,865.3767,363.8097,-1187.6599999999999,-501.567,-503.75759186144194,2.1905918614419306
2013,2014,Office Supplies,Fasteners,387.808,359.586,78.71039999999999,129.2004,-28.22199999999998,50.49000000000001,-5.728001765822258,56.218001765822265
2013,2014,Office Supplies,Labels,1453.394,2045.586,591.3692,941.5893,592.192,350.2201,240.95607198488503,109.26402801511497
2013,2014,Office Supplies,Paper,7105.76,11657.28,3162.8664,5042.6874,4551.52,1879.821,2025.9408813312018,-146.1198813312019
2013,2014,Office Supplies,Storage,21050.364,28545.684,3127.7955,3425.4153,7495.32,297.61979999999994,1113.701794755663,-816.0819947556631
2013,2014,Office Supplies,Supplies,5321.486,1000.2479999999999,-900.7302000000001,3.3982,-4321.238,904.1284,731.4253139043494,172.70308609565063
2013,2014,Technology,Accessories,15844.155999999999,28145.208,3831.4507,7848.2149,12301.052,4016.7642,2974.653512382509,1042.1106876174913
2013,2014,Technology,Copiers,35239.558000000005,10719.81,15118.8297,4034.9307,-24519.748000000007,-11083.899000000001,-10519.708967374552,-564.190032625449
2013,2014,Technology,Machines,27678.419,29711.408,5555.0434000000005,-812.1752,2032.9889999999978,-6367.2186,408.01976900207296,-6775.238369002073
2013,2014,Technology,Phones,37857.382,35230.432,4613.533,3374.196,-2626.949999999997,-1239.3370000000004,-320.1362554428615,-919.2007445571389
