customer_id,order_id,order_date,days_since_prev
AA-10315,CA-2013-103982,2013-04-03,358.0
AA-10375,CA-2012-109939,2012-08-05,156.0
AA-10375,CA-2013-126613,2013-11-07,459.0
AA-10375,US-2014-169488,2014-08-09,275.0
AA-10375,CA-2014-100230,2014-12-12,125.0
AA-10645,CA-2013-147137,2013-05-07,846.0
AA-10645,CA-2013-131205,2013-05-09,2.0
AA-10645,CA-2014-157196,2014-06-11,398.0
AB-10015,CA-2013-140935,2013-11-11,862.0
AB-10060,CA-2014-118213,2014-06-11,487.0
AB-10060,CA-2014-107174,2014-07-11,30.0
AB-10060,CA-2014-159688,2014-08-05,25.0
AB-10105,CA-2013-147431,2013-02-02,206.0
AB-10105,CA-2014-140781,2014-04-08,430.0
AB-10105,CA-2014-126788,2014-06-06,59.0
AB-10150,CA-2012-168186,2012-10-09,525.0
AB-10150,CA-2014-120761,2014-05-09,577.0
AB-10165,CA-2014-131212,2014-06-12,615.0
AB-10255,CA-2012-142055,2012-08-05,146.0
AB-10255,CA-2014-127705,2014-03-06,578.0
AC-10450,CA-2014-141789,2014-04-10,607.0
AD-10180,US-2014-136784,2014-01-05,638.0
AD-10180,CA-2014-143245,2014-02-12,38.0
AF-10870,CA-2013-139234,2013-07-05,388.0
AF-10885,CA-2011-103702,2011-12-09,65.0
AF-10885,CA-2013-115588,2013-11-11,703.0
AG-10300,CA-2014-161823,2014-04-09,301.0
AG-10330,CA-2014-107748,2014-11-12,583.0
AG-10390,CA-2013-136483,2013-02-12,706.0
AG-10390,CA-2014-107244,2014-08-09,543.0
AG-10495,CA-2012-162201,2012-08-06,127.0
AG-10495,CA-2012-111948,2012-11-11,97.0
AG-10525,CA-2011-167850,2011-09-08,211.0
AG-10525,CA-2012-169572,2012-06-09,275.0
AG-10525,CA-2012-164084,2012-07-09,30.0
AG-10675,CA-2013-108987,2013-09-09,431.0
AG-10675,US-2014-104094,2014-08-09,334.0
AG-10675,US-2014-146822,2014-10-06,58.0
AG-10765,CA-2012-113222,2012-09-11,5.0
AG-10900,CA-2013-160108,2013-09-12,491.0
AG-10900,CA-2014-110198,2014-02-05,146.0
AG-10900,CA-2014-161557,2014-04-09,63.0
AH-10120,CA-2014-131632,2014-01-11,369.0
AH-10120,CA-2014-107958,2014-03-07,55.0
AH-10120,CA-2014-150987,2014-09-04,181.0
AH-10195,CA-2014-154732,2014-06-11,769.0
AH-10210,CA-2012-155040,2012-10-11,91.0
AH-10210,CA-2014-146983,2014-03-09,514.0
AH-10210,CA-2014-104080,2014-09-03,178.0
AH-10465,CA-2013-126165,2013-06-05,461.0
AH-10465,CA-2014-145275,2014-03-04,272.0
AH-10585,CA-2014-109715,2014-10-12,97.0
AH-10690,CA-2012-110548,2012-04-05,426.0
AH-10690,CA-2012-112214,2012-05-08,33.0
AH-10690,CA-2012-113628,2012-12-11,217.0
AH-10690,CA-2013-144148,2013-01-08,28.0
AH-10690,CA-2013-145709,2013-05-10,122.0
AH-10690,CA-2013-158869,2013-07-08,59.0
AI-10855,CA-2013-158694,2013-11-11,768.0
AI-10855,CA-2014-107552,2014-06-05,206.0
AI-10855,CA-2014-155929,2014-10-09,126.0
AI-10855,US-2014-160759,2014-12-12,64.0
AJ-10945,US-2012-132836,2012-01-06,309.0
AJ-10945,CA-2014-133004,2014-01-09,734.0
AJ-10945,CA-2014-137421,2014-07-10,182.0
AM-10360,CA-2014-109701,2014-03-12,1006.0
AP-10720,US-2013-103674,2013-07-12,862.0
AP-10720,US-2013-114174,2013-09-09,59.0
AP-10915,CA-2013-168893,2013-04-11,517.0
AP-10915,CA-2013-128412,2013-11-12,215.0
AP-10915,CA-2014-146136,2014-04-09,148.0
AR-10345,CA-2014-126396,2014-09-09,700.0
AR-10345,CA-2014-126438,2014-11-09,61.0
AR-10825,US-2013-148110,2013-06-09,310.0
AR-10825,CA-2013-160745,2013-12-12,186.0
AR-10825,CA-2014-141425,2014-03-11,89.0
AS-10045,CA-2014-113481,2014-03-01,21.0
AS-10045,CA-2014-101749,2014-04-10,40.0
AS-10045,US-2014-147655,2014-05-09,29.0
AS-10090,CA-2013-104311,2013-03-05,175.0
AS-10090,CA-2013-150007,2013-12-09,279.0
AS-10090,CA-2014-145877,2014-02-04,57.0
AS-10090,US-2014-108063,2014-03-12,36.0
AS-10225,CA-2013-143154,2013-03-12,341.0
AS-10225,CA-2014-117926,2014-09-12,549.0
AS-10240,CA-2013-114405,2013-08-04,633.0
AS-10285,US-2013-106677,2013-06-11,31.0
AS-10285,US-2013-164196,2013-12-11,183.0
AS-10285,CA-2014-149706,2014-12-12,366.0
AS-10630,CA-2011-101392,2011-07-12,185.0
AS-10630,US-2012-146745,2012-03-09,241.0
AS-10630,CA-2014-124597,2014-01-05,667.0
AT-10435,CA-2014-106355,2014-03-04,633.0
AT-10435,CA-2014-102407,2014-10-12,222.0
AT-10735,CA-2013-112893,2013-10-09,943.0
AT-10735,CA-2014-135034,2014-02-08,122.0
AT-10735,CA-2014-106824,2014-08-07,180.0
AW-10840,CA-2014-143798,2014-11-12,248.0
AW-10930,CA-2014-107321,2014-01-09,152.0
AZ-10750,CA-2013-100993,2013-05-02,148.0
BB-10990,CA-2013-103947,2013-02-04,359.0
BB-10990,US-2014-112928,2014-02-06,367.0
BB-11545,CA-2013-124506,2013-12-11,584.0
BB-11545,CA-2014-102379,2014-03-12,91.0
BB-11545,CA-2014-158561,2014-12-11,274.0
BC-11125,CA-2013-123050,2013-05-04,697.0
BC-11125,US-2014-120418,2014-12-06,581.0
BD-11320,CA-2013-119165,2013-01-11,95.0
BD-11320,CA-2014-158071,2014-11-06,664.0
BD-11620,CA-2013-111976,2013-09-03,205.0
BD-11620,CA-2014-100202,2014-01-01,120.0
BD-11635,CA-2012-110814,2012-05-12,368.0
BD-11725,CA-2014-168396,2014-04-08,762.0
BD-11770,US-2013-122182,2013-11-03,243.0
BD-11770,CA-2013-165918,2013-11-09,6.0
BD-11770,CA-2013-124667,2013-12-11,32.0
BD-11770,CA-2014-115105,2014-07-02,203.0
BE-11455,CA-2013-140774,2013-06-09,487.0
BE-11455,CA-2013-118052,2013-07-05,26.0
BE-11455,US-2013-146857,2013-07-05,0.0
BF-10975,CA-2012-116750,2012-05-07,485.0
BF-10975,CA-2012-116260,2012-06-07,31.0
BF-10975,US-2014-120908,2014-01-10,582.0
BF-11020,CA-2013-159940,2013-08-07,152.0
BF-11020,CA-2014-134495,2014-02-04,181.0
BF-11020,US-2014-124779,2014-09-09,217.0
BF-11170,US-2013-120460,2013-01-05,395.0
BF-11170,CA-2013-162348,2013-11-11,310.0
BF-11170,US-2014-119039,2014-07-03,234.0
BF-11215,CA-2013-154662,2013-10-06,756.0
BF-11275,CA-2014-169012,2014-11-07,210.0
BG-11035,CA-2011-155390,2011-06-12,32.0
BG-11035,CA-2014-117198,2014-01-09,942.0
BG-11035,CA-2014-169005,2014-03-11,61.0
BG-11035,CA-2014-165715,2014-03-12,1.0
BG-11695,CA-2012-108588,2012-05-01,178.0
BG-11740,CA-2014-135419,2014-04-11,276.0
BH-11710,US-2011-140914,2011-11-11,66.0
BH-11710,US-2012-130491,2012-08-02,265.0
BH-11710,CA-2013-112123,2013-04-03,244.0
BH-11710,CA-2014-135587,2014-08-12,496.0
BK-11260,US-2011-140452,2011-06-12,96.0
BK-11260,CA-2013-130799,2013-12-11,913.0
BM-11140,CA-2013-106278,2013-03-09,578.0
BM-11140,CA-2013-126004,2013-05-12,64.0
BM-11650,CA-2012-124107,2012-09-10,369.0
BM-11650,CA-2014-152912,2014-10-11,761.0
BM-11785,CA-2011-133270,2011-06-06,117.0
BM-11785,US-2012-157014,2012-03-10,278.0
BN-11470,US-2014-149006,2014-07-12,946.0
BO-11350,CA-2014-128076,2014-03-02,366.0
BO-11350,CA-2014-132199,2014-04-05,34.0
BP-11050,CA-2014-151596,2014-09-10,1005.0
BP-11095,CA-2011-146990,2011-07-11,5.0
BP-11095,CA-2011-137911,2011-09-10,61.0
BP-11095,CA-2014-137365,2014-01-12,855.0
BP-11155,CA-2014-156139,2014-01-01,635.0
BP-11155,CA-2014-147564,2014-03-10,68.0
BP-11155,CA-2014-128629,2014-11-07,242.0
BP-11185,CA-2014-167150,2014-11-12,590.0
BP-11185,US-2014-140907,2014-11-12,0.0
BP-11290,CA-2013-150483,2013-01-06,668.0
BP-11290,CA-2014-154760,2014-10-01,633.0
BS-11380,US-2014-112347,2014-03-12,730.0
BS-11590,US-2012-109015,2012-06-09,394.0
BS-11755,CA-2012-126137,2012-03-10,368.0
BS-11755,CA-2013-156748,2013-01-12,308.0
BS-11755,CA-2014-135069,2014-11-04,661.0
BT-11305,CA-2012-138002,2012-06-09,149.0
BT-11680,CA-2012-132626,2012-09-07,28.0
BT-11680,CA-2013-123358,2013-11-04,423.0
BT-11680,CA-2014-158967,2014-11-12,373.0
BW-11065,CA-2014-157413,2014-02-06,455.0
BW-11110,CA-2013-127194,2013-11-12,63.0
BW-11110,CA-2014-154074,2014-01-09,58.0
BW-11110,CA-2014-159366,2014-08-01,204.0
BW-11200,US-2014-106579,2014-09-06,1003.0
BW-11200,CA-2014-143343,2014-11-06,61.0
CA-12055,CA-2013-107328,2013-09-08,487.0
CA-12265,CA-2014-140053,2014-04-07,279.0
CA-12265,CA-2014-102610,2014-05-11,34.0
CA-12310,US-2014-145366,2014-10-12,590.0
CA-12775,US-2013-132857,2013-12-12,395.0
CA-12775,CA-2014-145653,2014-02-09,59.0
CB-12025,CA-2014-100160,2014-08-09,68.0
CB-12025,CA-2014-144484,2014-12-09,122.0
CB-12025,US-2014-152898,2014-12-09,0.0
CB-12415,CA-2013-163398,2013-04-05,329.0
CB-12415,CA-2014-152660,2014-05-12,402.0
CB-12535,CA-2012-113971,2012-08-05,186.0
CB-12535,CA-2012-111094,2012-09-07,33.0
CB-12535,CA-2013-147585,2013-08-11,338.0
CB-12535,CA-2014-161046,2014-06-03,296.0
CC-12145,CA-2012-132906,2012-10-09,92.0
CC-12145,CA-2013-130078,2013-09-08,334.0
CC-12220,CA-2011-103527,2011-09-09,152.0
CC-12220,CA-2012-147879,2012-07-05,300.0
CC-12220,CA-2013-155992,2013-02-10,220.0
CC-12220,CA-2013-145730,2013-04-03,52.0
CC-12220,CA-2013-155474,2013-09-07,157.0
CC-12220,CA-2014-119914,2014-05-05,240.0
CC-12220,CA-2014-152695,2014-11-12,191.0
CC-12370,CA-2014-106691,2014-07-11,338.0
CC-12430,CA-2013-163384,2013-11-11,520.0
CC-12430,CA-2014-143035,2014-04-10,150.0
CC-12430,CA-2014-125290,2014-07-11,92.0
CC-12475,CA-2013-158260,2013-05-11,67.0
CC-12475,CA-2013-155033,2013-08-10,91.0
CC-12475,US-2013-139388,2013-08-11,1.0
CC-12475,CA-2014-144225,2014-01-10,152.0
CC-12475,CA-2014-158344,2014-08-08,210.0
CC-12475,US-2014-160836,2014-12-09,123.0
CC-12550,CA-2014-123071,2014-04-12,59.0
CC-12610,CA-2013-157707,2013-11-10,489.0
CC-12670,CA-2013-167759,2013-04-03,115.0
CC-12670,CA-2014-163139,2014-02-12,315.0
CG-12040,CA-2013-164350,2013-11-09,673.0
CG-12040,CA-2014-143217,2014-12-11,397.0
CJ-12010,CA-2013-128818,2013-08-05,115.0
CJ-12010,US-2013-112977,2013-11-03,90.0
CJ-12010,CA-2014-102204,2014-02-05,94.0
CK-12205,US-2012-144771,2012-02-10,99.0
CK-12205,CA-2013-110982,2013-06-06,482.0
CK-12205,CA-2014-110821,2014-08-08,428.0
CK-12325,CA-2013-134789,2013-09-04,941.0
CK-12325,US-2014-135230,2014-02-09,158.0
CK-12595,US-2013-167472,2013-07-06,241.0
CK-12595,CA-2013-124233,2013-09-04,60.0
CK-12760,CA-2011-104976,2011-09-12,41.0
CK-12760,CA-2012-160696,2012-06-09,271.0
CK-12760,US-2013-140809,2013-01-02,207.0
CK-12760,US-2014-117247,2014-10-10,646.0
CL-11890,US-2014-131583,2014-11-06,632.0
CL-12565,CA-2011-116239,2011-04-03,53.0
CL-12565,CA-2011-125731,2011-10-09,189.0
CL-12565,CA-2011-131310,2011-12-07,59.0
CL-12565,CA-2013-128867,2013-04-11,491.0
CL-12565,CA-2013-106530,2013-09-05,147.0
CM-12115,CA-2014-137414,2014-03-10,65.0
CM-12190,CA-2014-165386,2014-04-08,574.0
CM-12235,CA-2013-144309,2013-11-12,280.0
CM-12655,CA-2013-169026,2013-09-08,546.0
CM-12655,CA-2014-113418,2014-02-10,155.0
CM-12655,CA-2014-143126,2014-04-12,61.0
CM-12715,CA-2011-103492,2011-10-10,99.0
CM-12715,CA-2012-133585,2012-01-03,85.0
CP-12085,CA-2012-113215,2012-03-09,332.0
CP-12085,CA-2014-132430,2014-10-10,945.0
CP-12340,CA-2013-164889,2013-04-06,269.0
CS-11845,CA-2014-147452,2014-01-10,706.0
CS-11845,CA-2014-131828,2014-12-02,326.0
CS-11860,CA-2014-158883,2014-03-06,1125.0
CS-11950,US-2013-151827,2013-01-04,517.0
CS-11950,CA-2013-120796,2013-04-04,90.0
CS-11950,CA-2013-159737,2013-04-09,5.0
CS-11950,US-2014-126053,2014-06-12,429.0
CS-11950,CA-2014-102820,2014-08-05,54.0
CS-12175,CA-2014-161592,2014-07-04,939.0
CS-12250,CA-2012-121041,2012-03-11,222.0
CS-12250,CA-2012-149811,2012-04-01,21.0
CS-12250,CA-2014-153227,2014-05-12,771.0
CS-12250,CA-2014-105487,2014-09-10,121.0
CS-12355,CA-2014-105053,2014-08-07,850.0
CS-12400,CA-2013-140207,2013-06-11,487.0
CS-12400,CA-2013-133816,2013-11-05,147.0
CS-12400,CA-2014-107293,2014-06-09,216.0
CS-12400,US-2014-100930,2014-08-04,56.0
CS-12460,CA-2014-148691,2014-04-12,5.0
CS-12490,CA-2013-100671,2013-02-11,72.0
CS-12505,US-2014-115609,2014-03-11,461.0
CT-11995,CA-2014-158106,2014-05-06,1036.0
CV-12295,CA-2013-123120,2013-05-09,820.0
CV-12805,US-2013-144057,2013-10-05,238.0
CV-12805,CA-2014-146493,2014-02-06,124.0
CV-12805,CA-2014-137582,2014-05-09,92.0
CW-11905,CA-2013-119018,2013-05-11,613.0
CW-11905,CA-2014-152436,2014-09-12,489.0
CY-12745,US-2013-101616,2013-04-09,484.0
CY-12745,CA-2014-117114,2014-01-11,277.0
DB-12910,CA-2013-101672,2013-04-10,65.0
DB-12910,CA-2013-137176,2013-10-09,182.0
DB-12910,US-2014-159205,2014-01-04,87.0
DB-12910,CA-2014-155089,2014-03-12,67.0
DB-12910,CA-2014-141201,2014-10-12,214.0
DB-12910,CA-2014-124898,2014-12-09,58.0
DB-12970,CA-2014-132178,2014-04-05,846.0
DB-13060,CA-2013-127369,2013-07-06,915.0
DB-13120,CA-2012-130204,2012-03-09,64.0
DB-13120,CA-2012-136700,2012-06-12,95.0
DB-13210,CA-2013-158778,2013-06-09,148.0
DB-13210,CA-2013-122448,2013-10-06,119.0
DB-13210,CA-2014-152709,2014-08-10,308.0
DB-13210,CA-2014-109960,2014-10-12,63.0
DB-13270,CA-2013-163804,2013-03-12,680.0
DB-13270,CA-2013-143609,2013-12-12,275.0
DB-13270,CA-2014-122504,2014-08-11,242.0
DB-13555,CA-2014-104885,2014-03-03,844.0
DB-13555,US-2014-133200,2014-07-05,124.0
DB-13555,CA-2014-158036,2014-09-09,66.0
DB-13615,CA-2013-135636,2013-09-10,610.0
DB-13615,CA-2013-115224,2013-09-12,2.0
DB-13615,CA-2014-145779,2014-07-05,296.0
DB-13660,US-2014-105830,2014-01-01,508.0
DB-13660,CA-2014-101959,2014-01-03,2.0
DC-12850,CA-2014-100426,2014-05-06,1095.0
DC-13285,CA-2014-104003,2014-08-10,272.0
DC-13285,US-2014-136189,2014-08-12,2.0
DE-13255,CA-2013-126529,2013-11-01,905.0
DG-13300,US-2012-153500,2012-03-07,421.0
DJ-13420,CA-2012-168004,2012-04-10,242.0
DJ-13420,CA-2012-109736,2012-10-10,183.0
DJ-13420,CA-2013-123540,2013-03-04,145.0
DJ-13510,CA-2014-153339,2014-04-11,96.0
DJ-13510,CA-2014-156895,2014-09-05,147.0
DJ-13510,US-2014-118535,2014-12-02,88.0
DK-12835,US-2013-161844,2013-10-12,467.0
DK-12835,CA-2014-104388,2014-06-07,238.0
DK-12835,CA-2014-168403,2014-10-09,124.0
DK-12835,CA-2014-139199,2014-10-12,3.0
DK-12985,CA-2012-134894,2012-07-12,155.0
DK-12985,US-2014-141943,2014-06-05,693.0
DK-13090,CA-2012-129098,2012-09-10,220.0
DK-13090,CA-2014-117807,2014-02-10,518.0
DK-13090,CA-2014-100622,2014-04-11,60.0
DK-13225,CA-2013-155481,2013-02-09,334.0
DK-13225,CA-2013-168543,2013-04-07,57.0
DK-13375,CA-2012-131884,2012-06-12,339.0
DK-13375,CA-2012-145065,2012-12-12,183.0
DK-13375,CA-2014-165099,2014-12-12,730.0
DL-12925,US-2011-115196,2011-09-09,241.0
DL-12925,CA-2012-136798,2012-08-05,331.0
DL-12925,CA-2012-134747,2012-12-10,127.0
DL-12925,CA-2014-121615,2014-04-11,487.0
DL-13315,CA-2013-149783,2013-05-09,677.0
DL-13315,CA-2013-146941,2013-11-12,187.0
DL-13315,US-2014-114034,2014-04-01,140.0
DL-13315,CA-2014-145226,2014-09-12,164.0
DL-13495,CA-2014-151911,2014-01-05,148.0
DM-12955,CA-2012-168767,2012-10-04,388.0
DM-12955,CA-2014-128769,2014-08-09,674.0
DM-13015,CA-2013-160500,2013-06-05,302.0
DM-13015,CA-2013-136231,2013-06-09,4.0
DM-13015,CA-2014-110429,2014-04-11,306.0
DM-13345,CA-2011-164910,2011-12-11,275.0
DM-13345,CA-2013-144554,2013-08-11,609.0
DM-13345,CA-2014-157854,2014-09-04,389.0
DM-13345,CA-2014-108854,2014-09-12,8.0
DM-13525,CA-2012-132465,2012-11-09,552.0
DM-13525,CA-2013-149195,2013-06-09,212.0
DN-13690,CA-2011-139451,2011-12-10,122.0
DO-13435,CA-2014-102771,2014-01-04,1031.0
DO-13435,CA-2014-140760,2014-03-06,61.0
DO-13645,US-2014-117450,2014-05-09,667.0
DO-13645,CA-2014-118003,2014-05-12,3.0
DP-13000,CA-2011-122609,2011-12-11,254.0
DP-13000,CA-2014-142174,2014-05-03,874.0
DP-13165,CA-2012-112522,2012-10-10,606.0
DP-13390,CA-2011-168592,2011-08-09,94.0
DP-13390,CA-2012-129217,2012-10-05,423.0
DP-13390,CA-2014-154466,2014-02-01,484.0
DP-13390,CA-2014-150931,2014-07-01,150.0
DR-12940,US-2013-140158,2013-05-10,487.0
DR-12940,CA-2014-142671,2014-11-11,550.0
DR-12940,CA-2014-160899,2014-12-08,27.0
DS-13030,CA-2014-144848,2014-05-04,970.0
DS-13180,CA-2012-163055,2012-09-08,152.0
DS-13180,CA-2014-154907,2014-01-04,483.0
DS-13180,CA-2014-134285,2014-08-12,220.0
DV-13045,CA-2014-139773,2014-05-12,125.0
DV-13045,CA-2014-168389,2014-12-12,214.0
DV-13465,CA-2013-126102,2013-11-09,424.0
DV-13465,CA-2014-145233,2014-02-12,95.0
DV-13465,US-2014-152002,2014-12-06,297.0
DW-13480,CA-2013-101938,2013-07-01,907.0
DW-13540,CA-2014-148642,2014-07-03,514.0
DW-13585,US-2014-164147,2014-03-02,206.0
DW-13585,CA-2014-123134,2014-03-05,3.0
Dl-13600,CA-2013-120530,2013-08-04,940.0
Dl-13600,CA-2014-114552,2014-03-09,217.0
Dl-13600,US-2014-155299,2014-09-06,181.0
Dp-13240,CA-2012-169796,2012-09-11,306.0
Dp-13240,US-2014-162558,2014-03-10,545.0
Dp-13240,CA-2014-163692,2014-08-09,152.0
Dp-13240,CA-2014-148404,2014-08-10,1.0
EA-14035,CA-2011-151162,2011-05-12,121.0
EA-14035,CA-2013-102813,2013-03-07,665.0
EA-14035,CA-2013-164924,2013-11-07,245.0
EA-14035,CA-2014-154501,2014-01-05,59.0
EA-14035,CA-2014-121909,2014-01-08,3.0
EB-13705,CA-2012-104493,2012-02-10,187.0
EB-13705,US-2013-137547,2013-08-03,540.0
EB-13705,CA-2014-107797,2014-09-05,398.0
EB-13750,CA-2012-128083,2012-12-03,211.0
EB-13750,CA-2013-126809,2013-10-04,305.0
EB-13750,CA-2013-145548,2013-12-11,68.0
EB-13750,CA-2014-161739,2014-11-11,335.0
EB-13840,CA-2014-156951,2014-02-10,274.0
EB-13870,US-2011-126340,2011-08-11,98.0
EB-13870,CA-2012-153626,2012-09-07,393.0
EB-13870,CA-2013-144939,2013-04-10,215.0
EB-13870,CA-2013-159989,2013-10-12,185.0
EB-13870,CA-2014-130967,2014-11-03,387.0
EB-13975,CA-2013-135461,2013-07-02,92.0
EB-13975,US-2013-150357,2013-11-10,131.0
EB-14110,CA-2013-116561,2013-12-09,363.0
EB-14110,CA-2014-149895,2014-09-09,274.0
EB-14170,CA-2013-143441,2013-06-11,190.0
EB-14170,CA-2014-162635,2014-10-10,486.0
EC-14050,CA-2014-163188,2014-08-11,215.0
ED-13885,CA-2012-160227,2012-02-11,156.0
EG-13900,US-2013-150861,2013-04-12,426.0
EG-13900,CA-2014-114524,2014-01-04,267.0
EG-13900,US-2014-167570,2014-09-12,251.0
EH-13765,US-2012-147242,2012-10-09,310.0
EH-13765,CA-2013-158155,2013-03-05,147.0
EH-13765,US-2013-119046,2013-03-06,1.0
EH-13945,CA-2012-149384,2012-10-07,608.0
EH-14005,CA-2014-144862,2014-02-12,946.0
EH-14005,CA-2014-133095,2014-05-06,83.0
EH-14125,CA-2013-104969,2013-09-04,335.0
EH-14125,CA-2014-125752,2014-01-08,126.0
EJ-14155,CA-2013-142594,2013-02-12,712.0
EJ-14155,US-2014-110989,2014-04-11,423.0
EJ-14155,CA-2014-147410,2014-05-09,28.0
EM-13810,CA-2013-158358,2013-05-03,301.0
EM-13825,CA-2013-136595,2013-06-09,848.0
EM-13825,US-2014-128398,2014-03-05,269.0
EM-13825,CA-2014-114258,2014-06-11,98.0
EM-13960,CA-2012-156566,2012-01-10,0.0
EM-13960,CA-2012-129042,2012-12-12,337.0
EM-13960,CA-2014-168942,2014-02-08,423.0
EM-14095,CA-2013-161669,2013-08-11,399.0
EM-14095,CA-2014-132437,2014-09-09,394.0
EM-14140,CA-2013-139997,2013-02-07,219.0
EP-13915,US-2013-131611,2013-06-11,735.0
EP-13915,CA-2013-113390,2013-12-10,182.0
EP-13915,US-2014-165953,2014-01-01,22.0
EP-13915,CA-2014-111815,2014-04-03,92.0
EP-13915,US-2014-122637,2014-04-09,6.0
EP-13915,CA-2014-149888,2014-08-11,124.0
EP-13915,CA-2014-157483,2014-12-11,122.0
ER-13855,CA-2013-149223,2013-07-09,59.0
ES-14080,CA-2013-154998,2013-08-04,906.0
ES-14080,CA-2014-157469,2014-03-12,220.0
FA-14230,CA-2012-135391,2012-09-02,208.0
FA-14230,CA-2012-108672,2012-10-09,37.0
FC-14245,CA-2014-167640,2014-07-03,629.0
FC-14245,CA-2014-144456,2014-09-09,68.0
FC-14335,CA-2012-107741,2012-08-03,298.0
FC-14335,CA-2014-107517,2014-06-02,668.0
FG-14260,CA-2014-127460,2014-11-07,242.0
FH-14275,CA-2014-121503,2014-04-07,1038.0
FH-14275,CA-2014-128370,2014-11-09,216.0
FH-14275,CA-2014-104640,2014-11-11,2.0
FH-14365,CA-2013-104689,2013-02-12,338.0
FH-14365,US-2014-124303,2014-07-07,510.0
FM-14215,CA-2013-104983,2013-04-07,521.0
FM-14215,CA-2013-132143,2013-04-09,2.0
FM-14215,CA-2013-124814,2013-11-04,209.0
FM-14290,CA-2013-103163,2013-08-06,398.0
FM-14290,US-2014-129777,2014-04-07,244.0
FM-14290,CA-2014-121160,2014-05-11,34.0
FM-14290,US-2014-153948,2014-07-11,61.0
FM-14380,CA-2012-112711,2012-12-07,88.0
FM-14380,CA-2013-141082,2013-10-12,309.0
FM-14380,US-2013-135720,2013-12-12,61.0
FM-14380,CA-2014-163321,2014-08-08,239.0
FO-14305,CA-2012-103093,2012-03-02,178.0
FO-14305,CA-2012-132136,2012-08-03,154.0
FO-14305,US-2013-142251,2013-01-11,161.0
FO-14305,US-2014-107979,2014-09-06,603.0
FP-14320,CA-2011-138128,2011-09-12,62.0
FP-14320,CA-2013-111213,2013-02-04,511.0
FP-14320,CA-2014-113572,2014-08-11,553.0
FP-14320,CA-2014-137099,2014-08-12,1.0
FW-14395,CA-2014-118668,2014-03-01,265.0
GA-14515,US-2014-143175,2014-04-08,1032.0
GA-14725,US-2012-110163,2012-01-11,40.0
GA-14725,CA-2014-107503,2014-02-01,752.0
GA-14725,CA-2014-110842,2014-12-11,313.0
GB-14530,CA-2012-149566,2012-05-12,1.0
GB-14530,CA-2012-126186,2012-11-09,181.0
GB-14530,CA-2013-149314,2013-03-07,118.0
GB-14530,CA-2013-164672,2013-09-05,182.0
GB-14530,CA-2013-128923,2013-10-12,37.0
GB-14530,CA-2014-129028,2014-02-04,115.0
GB-14575,CA-2013-137337,2013-09-03,271.0
GD-14590,CA-2013-121223,2013-12-09,949.0
GD-14590,CA-2014-150420,2014-04-06,118.0
GG-14650,US-2013-114776,2013-07-12,434.0
GG-14650,US-2014-145597,2014-03-11,242.0
GG-14650,CA-2014-131807,2014-06-10,91.0
GH-14410,CA-2011-114125,2011-09-07,183.0
GH-14410,CA-2013-144540,2013-06-09,641.0
GH-14410,CA-2013-118934,2013-10-08,121.0
GH-14410,CA-2014-163006,2014-01-07,91.0
GH-14410,US-2014-131849,2014-07-06,180.0
GH-14425,US-2012-120572,2012-11-12,153.0
GH-14425,CA-2014-141138,2014-11-11,729.0
GH-14485,CA-2013-117590,2013-09-12,398.0
GM-14440,US-2014-168613,2014-09-10,516.0
GM-14455,CA-2013-159695,2013-06-04,578.0
GM-14455,CA-2014-151981,2014-07-08,399.0
GM-14500,CA-2013-137393,2013-07-05,666.0
GM-14500,CA-2013-117625,2013-11-05,123.0
GM-14680,CA-2011-127012,2011-11-08,34.0
GM-14680,CA-2013-106243,2013-01-10,429.0
GM-14680,CA-2013-139157,2013-02-10,31.0
GM-14680,US-2013-139710,2013-10-06,238.0
GM-14680,CA-2014-126144,2014-01-08,94.0
GM-14695,CA-2014-102750,2014-05-09,1101.0
GT-14635,CA-2012-144386,2012-05-11,340.0
GT-14635,US-2014-168116,2014-05-11,730.0
GW-14605,CA-2014-155075,2014-03-12,1164.0
GZ-14470,CA-2011-132500,2011-08-09,93.0
GZ-14470,CA-2013-129903,2013-02-12,553.0
GZ-14470,CA-2014-156769,2014-07-05,508.0
HA-14905,CA-2012-134075,2012-12-12,123.0
HA-14905,CA-2014-123036,2014-11-09,697.0
HA-14920,CA-2012-110744,2012-07-09,242.0
HA-14920,US-2013-113649,2013-10-08,456.0
HA-14920,CA-2014-157651,2014-11-12,400.0
HA-14920,CA-2014-117044,2014-12-09,27.0
HD-14785,CA-2012-157343,2012-07-06,244.0
HE-14800,CA-2014-140480,2014-09-07,452.0
HF-14995,US-2013-147711,2013-04-09,63.0
HF-14995,CA-2013-117681,2013-10-04,178.0
HF-14995,CA-2014-129833,2014-10-12,373.0
HG-14845,CA-2014-141873,2014-10-10,91.0
HG-14965,US-2014-160143,2014-01-04,510.0
HG-14965,US-2014-122672,2014-05-11,127.0
HG-14965,US-2014-122714,2014-08-12,93.0
HK-14890,CA-2014-124576,2014-02-08,856.0
HK-14890,CA-2014-126382,2014-04-06,57.0
HL-15040,CA-2013-140634,2013-04-10,492.0
HL-15040,CA-2014-134607,2014-04-10,365.0
HM-14860,CA-2014-132738,2014-05-08,756.0
HM-14860,CA-2014-146367,2014-05-08,0.0
HM-14980,CA-2014-130904,2014-12-04,1028.0
HP-14815,CA-2012-156853,2012-03-12,281.0
HP-14815,CA-2014-111689,2014-01-12,671.0
HR-14770,CA-2012-103954,2012-09-08,614.0
HR-14770,CA-2014-165904,2014-08-04,695.0
HW-14935,CA-2014-121559,2014-02-06,391.0
HW-14935,CA-2014-140326,2014-05-09,92.0
IL-15100,CA-2012-151722,2012-05-10,488.0
IL-15100,CA-2012-156482,2012-06-02,23.0
IL-15100,US-2012-114741,2012-06-12,10.0
IL-15100,CA-2013-169971,2013-05-09,331.0
IL-15100,CA-2014-143063,2014-11-08,548.0
IM-15070,CA-2012-104346,2012-11-12,219.0
IM-15070,CA-2013-161389,2013-06-12,212.0
IM-15070,CA-2013-109925,2013-07-11,29.0
JA-15970,CA-2013-116526,2013-02-09,426.0
JA-15970,CA-2014-152261,2014-03-03,387.0
JA-15970,US-2014-150070,2014-08-09,159.0
JB-15400,CA-2012-121608,2012-03-09,64.0
JB-15400,US-2012-104185,2012-03-09,0.0
JB-15400,CA-2013-101189,2013-04-02,389.0
JB-15400,CA-2014-158246,2014-10-11,557.0
JB-15925,US-2012-167220,2012-12-12,580.0
JB-16000,CA-2013-121993,2013-11-06,36.0
JB-16000,CA-2014-168179,2014-03-11,125.0
JB-16000,US-2014-159562,2014-10-09,212.0
JB-16045,US-2013-155173,2013-07-03,485.0
JB-16045,CA-2013-158302,2013-09-12,71.0
JC-15340,US-2014-129441,2014-08-09,426.0
JC-15775,CA-2014-118360,2014-02-04,28.0
JC-16105,CA-2014-126046,2014-04-11,763.0
JD-15790,CA-2012-134719,2012-10-10,249.0
JD-15790,CA-2014-143294,2014-03-06,512.0
JD-15790,CA-2014-152485,2014-05-09,64.0
JD-15895,CA-2013-144218,2013-01-11,30.0
JD-15895,CA-2013-143805,2013-02-12,32.0
JD-15895,CA-2013-110366,2013-06-09,117.0
JD-15895,CA-2013-136329,2013-10-07,120.0
JD-16015,CA-2011-110611,2011-06-10,61.0
JD-16015,CA-2014-152198,2014-10-09,1217.0
JD-16015,CA-2014-156818,2014-12-07,59.0
JE-15610,CA-2014-133263,2014-01-04,424.0
JE-15610,CA-2014-119494,2014-10-11,280.0
JE-15715,CA-2013-112109,2013-09-07,182.0
JE-15745,US-2013-162026,2013-09-10,210.0
JE-15745,US-2014-141852,2014-10-11,396.0
JE-16165,US-2014-135503,2014-11-12,518.0
JF-15190,US-2014-123281,2014-03-04,357.0
JF-15190,US-2014-123862,2014-08-01,150.0
JF-15190,CA-2014-121083,2014-10-07,67.0
JF-15355,CA-2014-169474,2014-05-02,449.0
JF-15415,US-2014-142188,2014-12-09,949.0
JF-15490,CA-2012-133445,2012-05-10,120.0
JF-15490,CA-2012-130736,2012-07-12,63.0
JF-15490,US-2014-150847,2014-01-05,542.0
JF-15490,CA-2014-159884,2014-01-09,4.0
JF-15490,US-2014-162124,2014-07-05,177.0
JF-15565,US-2012-153374,2012-09-02,297.0
JF-15565,CA-2013-121034,2013-09-08,371.0
JF-15565,CA-2013-102162,2013-12-09,92.0
JF-15565,CA-2014-167941,2014-07-11,214.0
JG-15115,CA-2012-123092,2012-03-12,215.0
JG-15160,CA-2013-108434,2013-06-12,189.0
JG-15160,CA-2013-124772,2013-06-12,0.0
JG-15805,CA-2011-132801,2011-07-10,67.0
JH-15820,CA-2014-132122,2014-10-07,942.0
JH-15910,US-2013-115952,2013-07-10,216.0
JH-15985,CA-2013-151372,2013-06-09,640.0
JH-15985,CA-2013-148908,2013-06-11,2.0
JH-15985,CA-2014-135860,2014-02-12,246.0
JH-16180,CA-2013-161907,2013-06-04,510.0
JJ-15445,CA-2013-163986,2013-04-09,341.0
JJ-15760,CA-2012-103205,2012-08-12,94.0
JK-15205,CA-2013-116918,2013-02-10,461.0
JK-15370,CA-2012-142027,2012-09-04,305.0
JK-15370,US-2014-155999,2014-08-08,703.0
JK-15625,CA-2012-138331,2012-07-08,331.0
JK-15640,CA-2014-168109,2014-04-07,511.0
JK-15730,US-2014-153255,2014-04-09,1183.0
JK-15730,CA-2014-128426,2014-08-10,123.0
JK-16090,CA-2014-160885,2014-03-12,2.0
JK-16120,CA-2012-134859,2012-04-10,424.0
JK-16120,CA-2012-130022,2012-10-08,181.0
JK-16120,US-2013-100566,2013-04-09,183.0
JK-16120,CA-2014-100783,2014-05-09,395.0
JK-16120,CA-2014-140298,2014-12-05,210.0
JL-15130,US-2014-100482,2014-12-04,1425.0
JL-15175,US-2014-156083,2014-05-11,740.0
JL-15235,US-2014-163657,2014-03-09,276.0
JL-15505,CA-2014-156776,2014-08-08,338.0
JL-15505,CA-2014-167976,2014-12-11,125.0
JL-15835,CA-2013-154788,2013-01-05,548.0
JL-15835,CA-2014-161333,2014-03-02,421.0
JL-15835,US-2014-167920,2014-10-12,224.0
JL-15850,CA-2012-142944,2012-06-03,120.0
JM-16195,CA-2012-145485,2012-05-11,457.0
JM-16195,CA-2014-130834,2014-04-11,700.0
JM-16195,CA-2014-151008,2014-08-09,120.0
JO-15145,CA-2011-106054,2011-07-01,171.0
JO-15145,US-2013-100461,2013-08-01,762.0
JO-15145,US-2014-168802,2014-04-11,253.0
JP-15520,CA-2013-117604,2013-05-09,606.0
JP-15520,CA-2014-117324,2014-09-12,491.0
JP-16135,CA-2013-134180,2013-04-11,369.0
JP-16135,CA-2013-124562,2013-09-12,154.0
JP-16135,CA-2013-146171,2013-12-03,82.0
JR-16210,US-2013-114622,2013-11-04,63.0
JS-15595,CA-2014-111220,2014-03-09,1102.0
JS-15880,CA-2013-110492,2013-12-02,851.0
JS-15940,US-2013-134908,2013-06-06,824.0
JW-16075,CA-2013-109176,2013-10-05,358.0
KA-16525,CA-2012-142993,2012-12-10,403.0
KB-16240,CA-2012-134922,2012-07-11,0.0
KB-16240,CA-2013-125017,2013-06-02,326.0
KB-16240,CA-2014-162012,2014-12-07,553.0
KB-16315,CA-2013-133123,2013-07-09,518.0
KB-16315,CA-2014-147354,2014-10-03,451.0
KB-16405,CA-2014-101182,2014-05-09,30.0
KB-16585,CA-2012-101924,2012-04-09,371.0
KB-16585,US-2012-118906,2012-10-03,177.0
KB-16585,CA-2013-108868,2013-09-09,341.0
KB-16585,CA-2013-116547,2013-10-01,22.0
KB-16585,CA-2013-137330,2013-10-12,11.0
KB-16600,CA-2013-149671,2013-06-06,267.0
KB-16600,US-2014-118038,2014-10-12,493.0
KC-16255,US-2013-128293,2013-03-06,575.0
KC-16540,CA-2013-145625,2013-12-09,667.0
KD-16270,CA-2012-110870,2012-12-12,397.0
KD-16270,US-2013-143819,2013-02-03,53.0
KD-16270,CA-2013-130407,2013-03-09,34.0
KD-16270,CA-2013-119823,2013-05-06,58.0
KD-16495,CA-2012-114811,2012-08-11,212.0
KD-16495,CA-2012-121650,2012-10-12,62.0
KD-16495,US-2013-113985,2013-03-12,151.0
KD-16495,CA-2014-100825,2014-10-09,576.0
KD-16615,CA-2014-155712,2014-03-03,422.0
KE-16420,CA-2011-120096,2011-04-07,34.0
KE-16420,US-2011-109162,2011-08-06,121.0
KE-16420,US-2012-163685,2012-01-06,153.0
KE-16420,CA-2014-147550,2014-05-12,857.0
KF-16285,US-2014-148362,2014-02-07,96.0
KF-16285,CA-2014-112333,2014-09-04,209.0
KF-16285,CA-2014-149559,2014-12-09,96.0
KH-16330,CA-2011-160738,2011-05-05,121.0
KH-16360,CA-2014-131156,2014-04-04,393.0
KH-16510,CA-2014-117457,2014-09-12,1221.0
KH-16630,CA-2012-132633,2012-03-02,416.0
KH-16630,CA-2014-152275,2014-02-10,710.0
KH-16630,CA-2014-164049,2014-03-11,29.0
KH-16630,CA-2014-147403,2014-11-09,243.0
KH-16630,CA-2014-166898,2014-12-09,30.0
KL-16555,CA-2014-160395,2014-01-01,174.0
KL-16555,CA-2014-147760,2014-05-11,130.0
KL-16645,CA-2012-131072,2012-05-11,185.0
KL-16645,CA-2013-133550,2013-01-08,242.0
KL-16645,CA-2013-157749,2013-05-06,118.0
KL-16645,CA-2014-112900,2014-10-04,516.0
KM-16225,US-2012-138093,2012-10-12,127.0
KM-16225,CA-2013-119935,2013-11-11,395.0
KM-16225,CA-2014-116358,2014-03-11,120.0
KM-16225,CA-2014-148012,2014-10-12,215.0
KM-16375,CA-2013-159212,2013-02-11,244.0
KM-16375,CA-2014-159135,2014-05-11,454.0
KM-16660,CA-2013-132990,2013-02-08,119.0
KM-16720,CA-2014-167395,2014-03-12,1163.0
KN-16390,CA-2012-109001,2012-05-03,446.0
KN-16390,CA-2012-132388,2012-10-10,160.0
KN-16390,CA-2014-113908,2014-04-06,543.0
KN-16390,CA-2014-113460,2014-08-11,127.0
KN-16390,CA-2014-164959,2014-12-07,118.0
KN-16390,CA-2014-129581,2014-12-12,5.0
KN-16450,CA-2012-123456,2012-09-07,278.0
KN-16450,CA-2014-155621,2014-09-11,734.0
KN-16705,US-2011-143287,2011-11-11,281.0
KN-16705,CA-2014-102554,2014-12-06,1121.0
KT-16465,CA-2013-112060,2013-05-12,642.0
KT-16480,US-2011-140116,2011-10-03,59.0
KT-16480,CA-2011-155887,2011-12-05,63.0
KT-16480,CA-2013-146206,2013-11-09,705.0
KW-16435,CA-2014-115805,2014-01-08,575.0
LA-16780,CA-2012-129700,2012-04-05,150.0
LA-16780,CA-2013-108882,2013-09-01,514.0
LB-16795,US-2013-155768,2013-02-12,3.0
LB-16795,US-2013-157490,2013-07-10,148.0
LB-16795,CA-2013-131968,2013-12-11,154.0
LB-16795,CA-2014-147032,2014-01-08,28.0
LB-16795,CA-2014-118199,2014-10-05,270.0
LC-16870,CA-2013-111283,2013-01-03,304.0
LC-16870,CA-2013-110898,2013-07-03,181.0
LC-16870,CA-2014-118017,2014-04-12,283.0
LC-16930,CA-2013-143476,2013-12-09,215.0
LC-16930,CA-2014-167080,2014-11-06,332.0
LC-16930,CA-2014-120999,2014-11-09,3.0
LC-17050,CA-2011-129147,2011-02-11,40.0
LC-17050,CA-2013-118514,2013-03-02,750.0
LC-17050,US-2014-119319,2014-07-11,496.0
LC-17050,CA-2014-137498,2014-10-09,90.0
LC-17140,CA-2012-119907,2012-01-12,125.0
LC-17140,CA-2013-130477,2013-09-04,601.0
LC-17140,CA-2014-169439,2014-10-09,400.0
LD-17005,CA-2013-139878,2013-12-11,122.0
LE-16810,CA-2014-108329,2014-10-12,675.0
LF-17185,CA-2012-109512,2012-05-03,326.0
LF-17185,CA-2014-148264,2014-09-12,862.0
LH-16900,CA-2011-123323,2011-07-11,183.0
LH-16900,CA-2013-113733,2013-09-12,794.0
LH-16900,US-2014-103814,2014-10-12,395.0
LH-17020,CA-2012-114923,2012-08-02,359.0
LH-17020,CA-2013-166443,2013-05-11,282.0
LH-17020,CA-2014-105991,2014-06-05,390.0
LH-17155,CA-2013-144092,2013-06-11,547.0
LH-17155,CA-2013-133340,2013-10-12,123.0
LH-17155,US-2013-131149,2013-11-07,26.0
LH-17155,CA-2013-154739,2013-11-12,5.0
LL-16840,CA-2012-164833,2012-04-06,120.0
LM-17065,CA-2013-105263,2013-07-08,57.0
LO-17170,CA-2012-143238,2012-06-09,7.0
LP-17080,CA-2014-133823,2014-12-05,359.0
LP-17095,CA-2013-112830,2013-07-06,118.0
LP-17095,CA-2013-103709,2013-09-09,65.0
LP-17095,CA-2014-121804,2014-04-03,206.0
LP-17095,CA-2014-102736,2014-06-09,67.0
LR-16915,CA-2013-125206,2013-03-01,571.0
LR-16915,CA-2013-126732,2013-03-09,8.0
LR-16915,US-2013-148803,2013-12-12,278.0
LR-16915,CA-2014-109183,2014-05-12,151.0
LR-17035,CA-2012-102876,2012-07-09,366.0
LS-16975,CA-2014-108294,2014-11-12,489.0
LT-16765,US-2012-122910,2012-12-05,696.0
LT-16765,CA-2014-160031,2014-05-12,523.0
LT-17110,CA-2012-168207,2012-02-11,401.0
LT-17110,CA-2012-154620,2012-12-12,305.0
LW-16825,CA-2014-144820,2014-04-10,1189.0
LW-16990,CA-2014-162978,2014-05-05,334.0
LW-16990,CA-2014-158407,2014-05-06,1.0
LW-16990,CA-2014-102834,2014-10-03,150.0
LW-17125,CA-2013-157280,2013-06-11,580.0
LW-17125,CA-2014-117436,2014-09-06,452.0
LW-17215,CA-2013-132997,2013-08-11,611.0
LW-17215,CA-2014-102218,2014-03-09,210.0
LW-17215,CA-2014-102659,2014-10-12,217.0
LW-17215,CA-2014-166128,2014-12-04,53.0
MA-17560,CA-2011-140732,2011-11-11,95.0
MA-17560,CA-2012-110324,2012-01-12,62.0
MA-17560,CA-2012-143105,2012-10-12,274.0
MA-17995,CA-2013-152247,2013-08-11,61.0
MB-17305,CA-2012-145828,2012-05-10,276.0
MB-17305,CA-2012-168529,2012-08-10,92.0
MB-17305,CA-2014-169124,2014-04-07,605.0
MB-17305,CA-2014-163125,2014-10-10,186.0
MB-18085,CA-2013-142524,2013-05-09,708.0
MB-18085,CA-2013-112382,2013-10-05,149.0
MB-18085,US-2013-128902,2013-12-03,59.0
MB-18085,CA-2014-144498,2014-07-05,214.0
MC-17275,CA-2012-105599,2012-07-09,335.0
MC-17575,CA-2012-135314,2012-09-07,573.0
MC-17575,CA-2012-117772,2012-10-09,32.0
MC-17575,CA-2014-167703,2014-04-02,540.0
MC-17575,US-2014-149510,2014-04-12,10.0
MC-17575,CA-2014-115175,2014-08-08,118.0
MC-17605,CA-2014-134810,2014-10-05,1362.0
MC-17605,US-2014-146213,2014-10-09,4.0
MC-17845,CA-2013-116337,2013-08-11,827.0
MC-17845,US-2014-128447,2014-11-11,457.0
MC-17845,CA-2014-148446,2014-11-12,1.0
MC-18100,CA-2013-139808,2013-08-10,340.0
MC-18100,CA-2014-113075,2014-03-09,211.0
MD-17350,CA-2013-162383,2013-06-09,760.0
MD-17350,CA-2014-109757,2014-05-09,334.0
MD-17350,CA-2014-149181,2014-09-05,119.0
MD-17350,CA-2014-132290,2014-11-03,59.0
ME-17320,CA-2013-159142,2013-05-04,673.0
ME-17320,CA-2013-160717,2013-07-06,63.0
ME-17320,CA-2014-137624,2014-11-11,493.0
ME-17725,CA-2012-155635,2012-09-05,273.0
ME-17725,CA-2014-116645,2014-01-12,494.0
ME-17725,CA-2014-143756,2014-03-12,59.0
MF-17665,US-2013-102232,2013-06-08,28.0
MF-17665,CA-2013-126543,2013-09-01,85.0
MF-18250,CA-2012-162964,2012-12-11,94.0
MG-17650,CA-2014-145660,2014-02-12,888.0
MG-17875,CA-2014-120705,2014-06-09,273.0
MG-17890,CA-2014-127712,2014-01-09,251.0
MG-17890,CA-2014-136672,2014-08-03,206.0
MG-18145,CA-2014-108574,2014-08-10,884.0
MH-17290,US-2014-141558,2014-12-03,269.0
MH-17440,CA-2013-163048,2013-08-02,823.0
MH-17455,CA-2012-100888,2012-06-04,210.0
MH-17455,US-2013-143448,2013-11-12,526.0
MH-17455,CA-2014-146269,2014-07-10,240.0
MH-17620,CA-2013-153185,2013-04-09,332.0
MH-18025,CA-2014-115448,2014-12-11,1222.0
MH-18115,CA-2014-144638,2014-11-03,302.0
MJ-17740,CA-2013-106397,2013-08-07,335.0
MJ-17740,CA-2013-113817,2013-08-11,4.0
MJ-17740,US-2014-131961,2014-09-12,397.0
MJ-17740,CA-2014-147291,2014-12-03,82.0
MK-18160,CA-2014-163209,2014-04-05,389.0
MK-18160,CA-2014-128755,2014-05-05,30.0
ML-17395,CA-2013-137673,2013-06-09,793.0
ML-17395,CA-2013-168830,2013-08-11,63.0
ML-17395,CA-2014-150602,2014-10-02,417.0
ML-17755,US-2014-120089,2014-01-12,249.0
ML-17755,CA-2014-103968,2014-02-12,31.0
ML-17755,CA-2014-107265,2014-07-04,142.0
ML-17755,CA-2014-140242,2014-07-05,1.0
ML-17755,CA-2014-143455,2014-12-11,159.0
MM-17920,CA-2013-122063,2013-04-12,193.0
MM-17920,US-2013-121013,2013-06-09,58.0
MM-17920,CA-2014-117394,2014-05-09,334.0
MM-18055,US-2014-104451,2014-09-05,1036.0
MM-18055,US-2014-124968,2014-09-09,4.0
MM-18280,CA-2014-112172,2014-11-06,119.0
MN-17935,CA-2014-123659,2014-11-02,1091.0
MO-17500,CA-2013-102981,2013-07-09,60.0
MO-17800,US-2014-106663,2014-10-06,183.0
MO-17950,US-2014-166233,2014-04-07,793.0
MP-17470,CA-2012-147851,2012-03-12,341.0
MP-17470,CA-2012-102281,2012-12-10,273.0
MP-17470,CA-2013-141887,2013-11-01,326.0
MP-17965,CA-2013-116974,2013-10-10,608.0
MP-17965,CA-2014-155152,2014-08-07,301.0
MP-18175,CA-2013-163636,2013-06-12,365.0
MP-18175,CA-2014-167661,2014-06-10,363.0
MP-18175,CA-2014-124086,2014-11-02,145.0
MR-17545,CA-2011-117429,2011-07-10,123.0
MR-17545,CA-2014-111759,2014-09-07,1155.0
MS-17365,CA-2011-144407,2011-09-09,60.0
MS-17365,CA-2012-130659,2012-04-12,216.0
MS-17365,CA-2012-140221,2012-05-03,21.0
MS-17365,CA-2013-150077,2013-04-02,334.0
MS-17365,CA-2014-147942,2014-02-04,308.0
MS-17530,CA-2012-108119,2012-01-11,275.0
MS-17770,CA-2011-138709,2011-04-07,27.0
MS-17770,US-2013-144547,2013-11-11,949.0
MS-17770,CA-2014-132619,2014-01-09,59.0
MS-17830,CA-2012-135272,2012-07-12,285.0
MS-17830,CA-2013-131296,2013-05-10,302.0
MS-17980,CA-2012-160794,2012-06-08,57.0
MS-17980,CA-2012-101007,2012-09-02,86.0
MS-17980,CA-2014-117667,2014-05-12,617.0
MT-17815,CA-2012-127502,2012-10-12,123.0
MT-17815,CA-2014-154137,2014-12-11,790.0
MT-18070,CA-2014-140963,2014-11-06,333.0
MV-17485,CA-2014-103415,2014-04-12,307.0
MV-17485,CA-2014-122994,2014-07-02,81.0
MV-18190,CA-2012-107020,2012-10-07,157.0
MV-18190,CA-2013-127698,2013-02-12,128.0
MV-18190,CA-2014-101798,2014-12-12,668.0
MY-17380,CA-2014-163902,2014-03-03,19.0
MY-18295,CA-2013-164770,2013-03-12,36.0
MY-18295,CA-2014-167626,2014-04-09,393.0
MY-18295,CA-2014-133067,2014-05-05,26.0
MZ-17335,CA-2013-114748,2013-10-10,425.0
MZ-17335,CA-2014-107314,2014-01-12,94.0
MZ-17515,CA-2011-128524,2011-11-11,221.0
MZ-17515,CA-2012-125178,2012-03-10,120.0
MZ-17515,CA-2013-169922,2013-12-06,636.0
NB-18655,CA-2012-101126,2012-10-02,509.0
NB-18655,US-2014-125213,2014-12-12,801.0
NC-18340,CA-2012-112452,2012-04-04,365.0
NC-18415,CA-2012-144190,2012-09-06,551.0
NC-18535,CA-2014-139402,2014-10-12,250.0
NC-18535,CA-2014-163874,2014-11-11,30.0
NC-18625,CA-2014-169404,2014-10-04,972.0
NC-18625,CA-2014-100951,2014-10-06,2.0
ND-18370,CA-2013-145247,2013-06-05,876.0
ND-18370,CA-2014-128699,2014-04-12,311.0
ND-18460,CA-2014-164112,2014-01-07,920.0
ND-18460,CA-2014-107167,2014-11-06,303.0
NF-18595,CA-2012-160864,2012-03-05,178.0
NF-18595,CA-2012-110667,2012-04-04,30.0
NF-18595,CA-2014-100335,2014-08-09,857.0
NG-18430,CA-2012-103961,2012-05-11,426.0
NH-18610,US-2014-136721,2014-09-04,1309.0
NM-18445,CA-2011-150581,2011-08-04,115.0
NM-18445,CA-2011-125759,2011-09-02,29.0
NM-18520,CA-2012-162166,2012-08-09,210.0
NM-18520,CA-2013-168844,2013-01-06,150.0
NM-18520,CA-2013-153598,2013-04-12,96.0
NM-18520,CA-2013-158806,2013-07-01,80.0
NM-18520,US-2014-107636,2014-01-05,188.0
NP-18325,CA-2012-131338,2012-09-08,88.0
NP-18325,CA-2014-126865,2014-06-12,642.0
NP-18685,CA-2012-125696,2012-02-10,222.0
NP-18685,CA-2012-156104,2012-06-12,123.0
NP-18700,CA-2011-168494,2011-12-12,217.0
NP-18700,CA-2013-125094,2013-06-11,547.0
NR-18550,CA-2013-109400,2013-03-05,608.0
NR-18550,CA-2014-140872,2014-04-06,397.0
NS-18640,US-2012-117492,2012-07-08,0.0
NS-18640,CA-2012-108259,2012-08-11,34.0
NS-18640,CA-2012-123155,2012-09-03,23.0
NS-18640,CA-2013-144645,2013-02-02,152.0
NS-18640,CA-2013-162187,2013-12-12,313.0
NS-18640,CA-2014-141614,2014-06-06,176.0
NS-18640,CA-2014-115651,2014-10-07,123.0
NW-18400,CA-2013-159023,2013-04-11,249.0
NW-18400,CA-2014-127656,2014-12-07,605.0
NZ-18565,US-2013-158680,2013-02-07,730.0
NZ-18565,CA-2013-134222,2013-11-07,273.0
NZ-18565,CA-2013-164154,2013-12-09,32.0
NZ-18565,CA-2014-150609,2014-01-05,27.0
NZ-18565,CA-2014-154676,2014-06-08,154.0
NZ-18565,US-2014-148054,2014-07-10,32.0
ON-18715,CA-2011-121286,2011-04-11,58.0
ON-18715,US-2013-151862,2013-02-03,664.0
ON-18715,CA-2013-118255,2013-12-03,303.0
PC-19000,CA-2012-153388,2012-01-08,157.0
PF-19120,CA-2012-140025,2012-07-04,426.0
PF-19165,CA-2013-138233,2013-10-11,277.0
PF-19225,CA-2014-110380,2014-03-09,332.0
PF-19225,US-2014-130687,2014-08-09,153.0
PG-18820,CA-2013-151561,2013-02-09,523.0
PG-18820,CA-2013-106306,2013-09-03,206.0
PG-18820,CA-2013-150000,2013-09-04,1.0
PG-18820,US-2014-116491,2014-12-11,463.0
PG-18895,CA-2012-166464,2012-12-09,400.0
PG-18895,CA-2014-148320,2014-04-11,488.0
PJ-18835,CA-2013-112676,2013-06-05,55.0
PJ-18835,CA-2014-103009,2014-04-11,310.0
PJ-19015,CA-2013-153101,2013-09-09,798.0
PK-18910,CA-2013-158099,2013-04-09,736.0
PK-19075,CA-2013-115756,2013-06-09,576.0
PK-19075,CA-2014-116680,2014-05-09,334.0
PK-19075,CA-2014-147753,2014-06-03,25.0
PK-19075,CA-2014-132346,2014-08-11,69.0
PM-18940,CA-2013-102092,2013-10-12,921.0
PM-19135,CA-2014-159667,2014-10-11,396.0
PN-18775,US-2013-118780,2013-11-09,489.0
PN-18775,US-2014-148768,2014-01-12,64.0
PN-18775,CA-2014-161018,2014-10-11,272.0
PO-18850,CA-2011-159681,2011-07-12,151.0
PO-18850,CA-2012-104486,2012-01-05,177.0
PO-18850,CA-2014-149853,2014-04-10,826.0
PO-18850,US-2014-101784,2014-07-07,88.0
PO-19180,US-2012-156797,2012-11-08,28.0
PO-19195,US-2014-103247,2014-06-10,1136.0
PP-18955,CA-2012-146087,2012-06-07,303.0
PP-18955,US-2013-108504,2013-05-02,329.0
PP-18955,CA-2013-145177,2013-11-11,193.0
PR-18880,CA-2012-125563,2012-11-04,545.0
PS-18970,CA-2013-161158,2013-10-05,334.0
PS-18970,CA-2014-163818,2014-05-10,217.0
PS-19045,CA-2014-109211,2014-05-04,266.0
PS-19045,CA-2014-133865,2014-09-05,124.0
PT-19090,US-2013-152373,2013-06-09,548.0
PV-18985,CA-2014-105914,2014-03-10,824.0
PV-18985,US-2014-133081,2014-12-03,268.0
PW-19030,CA-2013-105354,2013-03-12,375.0
PW-19030,CA-2014-117695,2014-06-08,453.0
QJ-19255,CA-2012-130995,2012-01-11,370.0
QJ-19255,CA-2012-117086,2012-08-11,213.0
QJ-19255,CA-2013-134425,2013-09-12,397.0
QJ-19255,CA-2013-109652,2013-11-04,53.0
QJ-19255,CA-2014-144526,2014-01-05,62.0
QJ-19255,CA-2014-104066,2014-06-12,158.0
RA-19285,CA-2014-131695,2014-01-07,244.0
RA-19285,CA-2014-127313,2014-02-12,36.0
RA-19285,CA-2014-141929,2014-05-09,86.0
RA-19885,CA-2012-155453,2012-09-08,401.0
RA-19885,US-2014-111745,2014-06-11,641.0
RB-19435,US-2011-103338,2011-11-03,24.0
RB-19435,CA-2012-120397,2012-02-07,96.0
RB-19435,CA-2014-153871,2014-12-12,1039.0
RB-19465,CA-2013-103107,2013-05-07,668.0
RB-19465,CA-2013-105662,2013-06-05,29.0
RB-19465,CA-2013-120803,2013-10-03,120.0
RB-19570,CA-2014-130351,2014-06-12,429.0
RB-19795,US-2013-155971,2013-07-06,853.0
RB-19795,CA-2014-157672,2014-06-10,339.0
RC-19825,CA-2013-143308,2013-05-11,730.0
RC-19825,CA-2013-125318,2013-07-06,56.0
RC-19960,CA-2013-130225,2013-12-09,911.0
RC-19960,CA-2014-112774,2014-12-09,365.0
RD-19480,CA-2013-136434,2013-02-12,556.0
RD-19480,CA-2013-164637,2013-05-03,80.0
RD-19585,CA-2012-127544,2012-08-08,551.0
RD-19585,US-2012-151407,2012-08-11,3.0
RD-19585,CA-2014-111647,2014-04-07,604.0
RD-19585,CA-2014-139437,2014-04-07,0.0
RD-19660,CA-2014-103877,2014-08-09,613.0
RD-19720,CA-2011-161249,2011-09-08,209.0
RD-19720,CA-2013-149762,2013-04-12,582.0
RD-19720,CA-2013-161543,2013-11-05,207.0
RD-19720,US-2014-132927,2014-10-12,341.0
RD-19810,CA-2013-120558,2013-08-06,150.0
RD-19810,CA-2014-127474,2014-04-02,239.0
RD-19900,CA-2011-158372,2011-10-11,160.0
RD-19900,CA-2014-124401,2014-08-09,1033.0
RD-19930,CA-2014-125115,2014-11-04,1335.0
RE-19450,CA-2014-127621,2014-04-03,1124.0
RF-19345,CA-2013-145009,2013-06-12,40.0
RF-19735,CA-2014-126074,2014-03-10,1006.0
RH-19600,CA-2012-109386,2012-08-11,186.0
RK-19300,CA-2014-114216,2014-03-09,454.0
RL-19615,CA-2012-126557,2012-12-07,575.0
RL-19615,CA-2013-144764,2013-03-09,92.0
RL-19615,US-2014-135062,2014-01-09,306.0
RL-19615,US-2014-169551,2014-08-07,210.0
RM-19375,CA-2013-100965,2013-08-07,641.0
RM-19375,US-2013-106600,2013-09-04,28.0
RO-19780,CA-2012-153752,2012-06-12,61.0
RO-19780,CA-2012-162607,2012-12-05,176.0
RO-19780,CA-2013-152940,2013-11-11,341.0
RP-19390,CA-2011-155593,2011-03-11,58.0
RP-19390,CA-2012-133494,2012-01-03,298.0
RP-19390,CA-2012-128356,2012-02-10,38.0
RP-19390,CA-2012-166492,2012-07-04,145.0
RP-19855,CA-2013-168774,2013-05-09,736.0
RP-19855,CA-2014-104108,2014-03-12,307.0
RR-19525,US-2012-131842,2012-05-12,246.0
RS-19420,US-2013-159093,2013-10-05,881.0
RS-19420,CA-2014-115154,2014-09-01,331.0
RS-19765,CA-2011-128846,2011-07-04,22.0
RS-19765,US-2012-158911,2012-05-07,308.0
RS-19765,CA-2014-124114,2014-03-03,665.0
RS-19765,CA-2014-152856,2014-09-09,190.0
RS-19870,CA-2014-142776,2014-12-12,493.0
RW-19540,CA-2014-128041,2014-02-09,709.0
RW-19540,CA-2014-141733,2014-08-05,177.0
RW-19630,US-2013-131114,2013-10-12,131.0
RW-19630,CA-2014-123981,2014-03-10,149.0
SA-20830,CA-2014-122154,2014-10-04,183.0
SB-20170,CA-2014-145807,2014-10-02,1214.0
SB-20290,CA-2011-158771,2011-09-05,58.0
SB-20290,CA-2012-153794,2012-11-09,431.0
SB-20290,CA-2014-147361,2014-10-09,699.0
SC-20020,CA-2011-130421,2011-03-03,27.0
SC-20020,CA-2011-121006,2011-10-11,222.0
SC-20020,CA-2012-147690,2012-10-11,366.0
SC-20050,CA-2014-123022,2014-04-09,89.0
SC-20050,US-2014-143028,2014-12-04,239.0
SC-20095,CA-2011-117016,2011-04-03,53.0
SC-20095,CA-2012-123568,2012-08-11,496.0
SC-20230,CA-2013-156685,2013-09-07,63.0
SC-20230,CA-2014-141747,2014-04-08,213.0
SC-20260,CA-2014-144680,2014-01-04,945.0
SC-20305,CA-2014-106103,2014-11-06,267.0
SC-20380,CA-2012-142419,2012-11-07,674.0
SC-20380,CA-2014-142090,2014-01-12,431.0
SC-20380,CA-2014-126354,2014-04-02,80.0
SC-20440,CA-2012-113523,2012-04-09,90.0
SC-20695,CA-2013-114713,2013-08-07,300.0
SC-20695,CA-2013-112277,2013-11-09,94.0
SC-20695,US-2013-151260,2013-12-12,33.0
SC-20695,CA-2014-152926,2014-03-10,88.0
SC-20695,CA-2014-145443,2014-11-08,243.0
SC-20725,CA-2011-159310,2011-07-11,127.0
SC-20725,CA-2012-165057,2012-11-09,487.0
SC-20725,CA-2014-144463,2014-02-01,449.0
SC-20800,CA-2014-102267,2014-01-12,426.0
SD-20485,CA-2011-150329,2011-10-10,128.0
SD-20485,CA-2011-101476,2011-12-09,60.0
SE-20110,CA-2012-111164,2012-11-04,366.0
SE-20110,CA-2013-158841,2013-02-02,90.0
SE-20110,US-2013-115455,2013-09-09,219.0
SE-20110,CA-2013-142405,2013-12-06,88.0
SF-20065,CA-2012-142937,2012-05-12,216.0
SF-20065,CA-2014-104136,2014-02-11,640.0
SF-20200,CA-2013-127250,2013-04-11,343.0
SF-20200,CA-2013-132899,2013-08-04,115.0
SF-20200,CA-2014-123967,2014-02-11,191.0
SF-20965,CA-2012-161214,2012-05-10,70.0
SF-20965,CA-2013-146913,2013-01-11,246.0
SF-20965,CA-2014-139311,2014-12-08,696.0
SG-20470,US-2014-102890,2014-01-07,697.0
SG-20605,US-2012-127040,2012-06-12,459.0
SH-19975,CA-2013-125164,2013-11-11,761.0
SH-19975,CA-2014-101805,2014-02-12,93.0
SH-19975,CA-2014-125101,2014-07-03,141.0
SH-20395,CA-2011-165764,2011-03-11,28.0
SH-20395,CA-2012-112053,2012-11-10,610.0
SH-20395,CA-2014-168900,2014-05-05,541.0
SH-20395,CA-2014-168172,2014-07-08,64.0
SH-20395,CA-2014-110884,2014-08-03,26.0
SH-20395,CA-2014-157980,2014-08-12,9.0
SH-20395,CA-2014-122280,2014-11-09,89.0
SJ-20125,CA-2013-147123,2013-11-12,70.0
SJ-20125,CA-2014-110212,2014-02-05,85.0
SJ-20125,CA-2014-161984,2014-11-04,272.0
SJ-20125,CA-2014-100433,2014-12-08,34.0
SJ-20215,CA-2012-146038,2012-09-02,87.0
SJ-20215,CA-2013-108644,2013-01-10,130.0
SJ-20215,CA-2014-113355,2014-02-12,398.0
SJ-20500,CA-2013-157336,2013-02-12,521.0
SL-20155,CA-2013-100587,2013-11-12,978.0
SM-20005,US-2013-111563,2013-05-11,577.0
SM-20950,CA-2013-154067,2013-01-02,722.0
SM-20950,CA-2014-105235,2014-06-12,526.0
SN-20560,CA-2014-154102,2014-07-02,600.0
SN-20560,CA-2014-152093,2014-11-09,130.0
SO-20335,US-2012-108966,2012-11-10,212.0
SO-20335,CA-2014-166926,2014-02-12,459.0
SO-20335,CA-2014-147228,2014-10-09,239.0
SP-20545,US-2014-101840,2014-07-02,265.0
SP-20620,CA-2012-149636,2012-06-01,297.0
SP-20620,CA-2013-131289,2013-09-12,468.0
SP-20620,CA-2014-148929,2014-08-09,331.0
SP-20620,US-2014-118087,2014-10-09,61.0
SP-20650,CA-2011-110065,2011-05-08,58.0
SP-20650,US-2013-140172,2013-09-03,849.0
SP-20650,CA-2013-149503,2013-10-12,39.0
SP-20860,CA-2014-110478,2014-05-03,724.0
SR-20425,CA-2014-143658,2014-09-11,184.0
SR-20740,CA-2012-150196,2012-02-07,272.0
SR-20740,CA-2012-154970,2012-05-01,84.0
SR-20740,CA-2013-162222,2013-04-04,338.0
SS-20140,CA-2014-145772,2014-04-06,91.0
SS-20410,CA-2014-159954,2014-11-09,1219.0
SS-20410,CA-2014-127726,2014-12-09,30.0
SS-20590,CA-2013-116540,2013-03-09,671.0
SS-20590,CA-2013-169166,2013-10-05,210.0
SU-20665,US-2013-126431,2013-02-07,271.0
SU-20665,CA-2013-164490,2013-06-09,122.0
SU-20665,CA-2014-111388,2014-03-09,273.0
SU-20665,CA-2014-148922,2014-11-12,248.0
SV-20365,US-2013-136581,2013-11-11,711.0
SV-20365,CA-2013-118745,2013-12-06,25.0
SV-20365,CA-2014-161200,2014-07-08,214.0
SV-20785,CA-2011-169257,2011-06-06,120.0
SV-20785,US-2011-158365,2011-12-04,181.0
SV-20785,CA-2012-112130,2012-03-05,92.0
SV-20785,CA-2012-162887,2012-07-11,128.0
SV-20935,CA-2014-116225,2014-06-11,91.0
SW-20245,CA-2012-101091,2012-05-12,91.0
SW-20245,CA-2014-111717,2014-11-10,912.0
SW-20275,CA-2013-127761,2013-11-11,770.0
SW-20275,CA-2014-119305,2014-01-12,62.0
SW-20455,CA-2012-154886,2012-08-11,63.0
SW-20455,CA-2012-150560,2012-11-12,93.0
SZ-20035,CA-2011-105165,2011-07-09,89.0
SZ-20035,CA-2012-136105,2012-12-06,516.0
SZ-20035,CA-2013-113096,2013-03-09,93.0
SZ-20035,US-2014-111024,2014-04-07,394.0
SZ-20035,CA-2014-105144,2014-05-11,34.0
SZ-20035,CA-2014-133249,2014-09-07,119.0
TA-21385,CA-2013-129847,2013-03-09,456.0
TA-21385,CA-2014-140536,2014-05-04,421.0
TB-21055,CA-2014-163566,2014-04-08,30.0
TB-21175,CA-2013-161473,2013-02-04,542.0
TB-21175,CA-2014-143567,2014-03-11,400.0
TB-21190,CA-2014-148985,2014-12-11,30.0
TB-21250,CA-2012-117898,2012-05-12,274.0
TB-21250,CA-2012-141040,2012-09-10,121.0
TB-21250,CA-2013-162614,2013-08-10,334.0
TB-21400,CA-2011-131002,2011-07-09,98.0
TB-21400,CA-2014-134565,2014-12-06,1246.0
TB-21625,CA-2013-111696,2013-09-05,820.0
TB-21625,CA-2013-153157,2013-12-09,95.0
TB-21625,US-2014-165456,2014-01-12,34.0
TC-20980,CA-2013-118689,2013-03-10,608.0
TC-21295,CA-2014-136875,2014-04-12,188.0
TC-21295,CA-2014-167668,2014-07-05,84.0
TC-21475,US-2014-144582,2014-01-05,207.0
TC-21475,CA-2014-121419,2014-03-04,58.0
TC-21535,US-2012-142020,2012-04-06,392.0
TC-21535,CA-2014-142328,2014-08-12,858.0
TD-20995,US-2014-100209,2014-10-07,30.0
TD-20995,CA-2014-150959,2014-12-11,65.0
TG-21310,CA-2013-166429,2013-03-09,187.0
TG-21640,CA-2014-128783,2014-08-09,702.0
TH-21115,CA-2014-127782,2014-03-11,185.0
TH-21235,CA-2014-117261,2014-05-09,1124.0
TH-21235,CA-2014-132682,2014-09-06,120.0
TM-21010,CA-2012-102015,2012-12-09,489.0
TN-21040,CA-2012-140557,2012-07-09,273.0
TN-21040,US-2014-139577,2014-02-10,581.0
TP-21130,CA-2013-109722,2013-06-12,154.0
TP-21130,US-2014-107384,2014-05-12,334.0
TP-21565,CA-2013-103919,2013-04-10,463.0
TP-21565,CA-2013-163328,2013-05-11,31.0
TR-21325,CA-2013-160815,2013-06-09,879.0
TR-21325,CA-2013-110009,2013-09-09,92.0
TS-21205,CA-2011-169649,2011-09-12,6.0
TS-21205,CA-2013-155978,2013-02-08,515.0
TS-21340,CA-2012-146829,2012-10-03,421.0
TS-21370,CA-2014-143112,2014-06-10,580.0
TS-21370,US-2014-139647,2014-12-05,178.0
TS-21430,CA-2014-136623,2014-12-07,1122.0
TS-21505,CA-2014-152737,2014-08-11,126.0
TS-21610,US-2014-107272,2014-06-11,245.0
TS-21655,CA-2014-147207,2014-03-01,637.0
TS-21655,CA-2014-133487,2014-07-05,126.0
TT-21070,CA-2012-119942,2012-05-04,269.0
TT-21070,CA-2013-162733,2013-12-05,580.0
TT-21220,CA-2012-168564,2012-08-08,65.0
TT-21220,CA-2013-146766,2013-05-11,276.0
TT-21220,US-2014-113201,2014-01-07,241.0
TT-21460,US-2014-119816,2014-05-03,629.0
TW-21025,CA-2012-135510,2012-05-09,118.0
TZ-21580,CA-2012-119508,2012-04-12,153.0
VB-21745,CA-2014-155698,2014-09-03,54.0
VD-21670,CA-2012-113145,2012-01-11,278.0
VD-21670,CA-2012-118444,2012-05-11,121.0
VF-21715,CA-2014-138464,2014-09-07,1343.0
VG-21790,CA-2013-151092,2013-07-08,700.0
VG-21790,CA-2014-150189,2014-09-07,426.0
VM-21685,CA-2012-105221,2012-01-11,191.0
VM-21685,US-2013-150140,2013-07-04,540.0
VM-21685,CA-2013-113516,2013-09-09,67.0
VM-21685,CA-2014-107720,2014-07-11,305.0
VP-21730,CA-2014-102946,2014-01-07,610.0
VP-21730,CA-2014-105333,2014-01-12,5.0
VP-21760,CA-2011-109680,2011-06-10,1.0
VP-21760,CA-2011-109932,2011-09-12,94.0
VS-21820,US-2013-137295,2013-08-01,731.0
VT-21700,CA-2012-167010,2012-05-04,333.0
VW-21775,CA-2012-146262,2012-02-01,88.0
VW-21775,CA-2012-111507,2012-06-02,122.0
VW-21775,CA-2012-151624,2012-08-09,68.0
VW-21775,CA-2014-116715,2014-03-12,580.0
VW-21775,CA-2014-116204,2014-12-02,265.0
WB-21850,CA-2011-141607,2011-12-12,245.0
WB-21850,US-2012-156496,2012-10-08,301.0
WB-21850,CA-2013-126627,2013-11-10,398.0
WB-21850,CA-2013-165330,2013-12-12,32.0
WB-21850,US-2014-110149,2014-11-12,335.0
WB-21850,CA-2014-120327,2014-12-11,29.0
XP-21865,CA-2012-155586,2012-12-12,551.0
XP-21865,CA-2013-129196,2013-02-11,61.0
XP-21865,CA-2013-109365,2013-04-11,59.0
XP-21865,CA-2014-118577,2014-07-10,455.0
XP-21865,US-2014-115595,2014-10-10,92.0
YC-21895,CA-2013-123932,2013-07-09,210.0
YC-21895,CA-2013-110499,2013-08-04,26.0
YS-21880,CA-2012-156755,2012-12-01,111.0
YS-21880,CA-2014-124828,2014-04-07,492.0
YS-21880,CA-2014-160724,2014-06-05,59.0
ZC-21910,CA-2013-130946,2013-09-04,1.0
ZC-21910,CA-2014-100013,2014-07-11,310.0
ZC-21910,CA-2014-115322,2014-12-05,147.0
ZC-21910,CA-2014-133928,2014-12-06,1.0
ZD-21925,US-2013-147991,2013-06-05,62.0
ZD-21925,CA-2013-152471,2013-09-07,94.0
ZD-21925,CA-2014-141481,2014-12-06,455.0
