customer_id,recency,frequency,monetary,profit,avg_discount,R,F,M,rfm_score,segment
AA-10315,619,2,4433.032,-740.0925000000001,0.16,1,2,5,125,Lost
AA-10375,1,5,407.118,133.0429,0.06666666666666668,5,5,2,552,Champions
AA-10480,1348,1,27.46,9.8856,0.0,1,1,1,111,Lost
AA-10645,185,4,2008.705,438.52500000000003,0.012499999999999999,4,4,5,445,Champions
AB-10015,397,2,873.5319999999999,131.8713,0.04,2,2,3,223,Lost
AB-10060,130,4,7354.214,1924.0062,0.05000000000000001,4,4,5,445,Champions
AB-10105,190,4,1299.154,-76.37929999999999,0.3111111111111111,4,4,4,444,Champions
AB-10150,218,3,812.462,307.7547,0.028571428571428574,3,3,3,333,Loyal
AB-10165,184,2,86.48,10.8862,0.20000000000000004,4,2,1,421,New
AB-10255,282,3,121.582,36.0953,0.2,3,3,1,331,Loyal
AB-10600,32,1,1475.054,-256.5716,0.4,5,1,4,514,New
AC-10420,1102,1,706.064,-14.6632,0.2,1,1,3,113,Lost
AC-10450,247,2,1864.192,868.8854,0.06666666666666667,3,2,4,324,Needs Attention
AC-10615,279,1,2255.868,297.8179,0.05833333333333334,3,1,5,315,Needs Attention
AD-10180,304,3,1096.03,345.3628,0.0,3,3,4,334,Loyal
AF-10870,526,2,37.163999999999994,-6.542399999999999,0.3333333333333333,2,2,1,221,Lost
AF-10885,397,3,489.905,-264.30289999999997,0.36,2,3,3,233,At Risk
AG-10300,248,2,87.89999999999999,22.1538,0.0,3,2,1,321,Needs Attention
AG-10330,31,2,357.62,102.7058,0.05,5,2,2,522,New
AG-10390,126,3,38.864000000000004,15.7668,0.06666666666666667,4,3,1,431,Loyal
AG-10495,762,3,1672.006,329.6297,0.2,1,3,4,134,At Risk
AG-10525,887,4,1455.038,-152.7613,0.15555555555555556,1,4,4,144,At Risk
AG-10675,68,4,2943.4796000000006,-346.64200000000005,0.1775,5,4,5,545,Champions
AG-10765,823,2,123.83999999999999,61.7052,0.0,1,2,1,121,Lost
AG-10900,248,4,2246.513,73.52960000000002,0.1875,3,4,5,345,Loyal
AH-10120,100,4,664.87,264.1083,0.23333333333333336,4,4,3,443,Champions
AH-10195,185,2,148.97,-38.2008,0.43333333333333335,4,2,1,421,New
AH-10210,101,4,2634.388,1091.6332,0.08571428571428573,4,4,5,445,Champions
AH-10465,284,3,1843.8816,-346.9914,0.184,3,3,4,334,Loyal
AH-10585,62,2,255.22400000000002,28.919,0.2,5,2,2,522,New
AH-10690,523,7,2987.438,116.08200000000002,0.3,2,5,5,255,At Risk
AI-10855,1,5,1745.598,563.5145,0.075,5,5,4,554,Champions
AJ-10780,1138,1,54.83,22.6537,0.0,1,1,1,111,Lost
AJ-10795,591,1,255.904,46.4568,0.20000000000000004,2,1,2,212,Lost
AJ-10945,156,4,1442.0,462.0244,0.05714285714285715,4,4,4,444,Champions
AM-10360,276,2,194.25,66.0246,0.06666666666666667,3,2,2,322,Needs Attention
AM-10705,223,1,383.84,47.98,0.2,3,1,2,312,Needs Attention
AP-10720,460,3,1368.072,303.3351,0.10000000000000002,2,3,4,234,At Risk
AP-10915,248,4,1494.008,362.91270000000003,0.04615384615384616,3,4,4,344,Loyal
AR-10345,34,3,279.966,21.385199999999998,0.16666666666666666,5,3,2,532,Loyal
AR-10405,1374,1,265.784,17.3504,0.2,1,1,2,112,Lost
AR-10510,1407,1,26.136,1.9602,0.2,1,1,1,111,Lost
AR-10540,769,1,692.728,240.2588,0.1,1,1,3,113,Lost
AR-10825,277,4,1385.01,-36.891400000000004,0.11666666666666665,3,4,4,344,Loyal
AS-10045,218,4,2475.846,-377.95079999999996,0.4857142857142857,3,4,5,345,Loyal
AS-10090,276,5,1286.966,284.8192,0.13333333333333333,3,5,4,354,Loyal
AS-10225,92,3,261.88,27.498,0.06666666666666667,4,3,2,432,Loyal
AS-10240,496,2,77.912,9.9326,0.13333333333333333,2,2,1,221,Lost
AS-10285,1,4,3029.12,284.0546,0.15000000000000002,5,4,5,545,Champions
AS-10630,342,4,443.064,71.55030000000001,0.17142857142857146,2,4,2,242,At Risk
AT-10435,62,3,1111.052,93.6038,0.18,5,3,4,534,Loyal
AT-10735,128,4,304.628,74.5304,0.16,4,4,2,442,Champions
AW-10840,31,2,606.232,79.2698,0.12000000000000002,5,2,3,523,New
AW-10930,338,2,701.008,81.45160000000001,0.20000000000000004,2,2,3,223,Lost
AY-10555,1288,1,199.99,64.5077,0.0,1,1,2,112,Lost
AZ-10750,590,2,955.5959999999999,42.4516,0.08,2,2,3,223,Lost
BB-10990,310,3,453.26,5.971900000000005,0.32,3,3,2,332,Loyal
BB-11545,2,4,2691.588,214.6245,0.15714285714285717,5,4,5,545,Champions
BC-11125,7,3,1350.854,104.01639999999999,0.13333333333333336,5,3,4,534,Loyal
BD-11320,37,3,673.501,32.1526,0.1,5,3,3,533,Loyal
BD-11500,1410,1,468.9,206.316,0.0,1,1,2,112,Lost
BD-11605,767,1,207.82,68.9878,0.0,1,1,2,112,Lost
BD-11620,346,3,611.784,8.175400000000003,0.25,2,3,3,233,At Risk
BD-11635,945,2,511.646,113.844,0.125,1,2,3,123,Lost
BD-11725,249,2,541.62,185.4807,0.0,3,2,3,323,Needs Attention
BD-11770,164,5,653.698,140.7882,0.1111111111111111,4,5,3,453,Champions
BE-11335,279,1,3480.96,1234.3688,0.0,3,1,5,315,Needs Attention
BE-11410,529,1,30.352,10.6232,0.2,2,1,1,211,Lost
BE-11455,526,4,722.126,178.5798,0.06666666666666668,2,4,3,243,At Risk
BF-10975,337,4,246.838,62.4653,0.2375,2,4,2,242,At Risk
BF-11005,556,1,252.148,22.5563,0.1,2,1,2,212,Lost
BF-11020,95,4,1755.834,10.6597,0.29411764705882354,4,4,4,444,Champions
BF-11080,184,1,32.67,15.1389,0.0,4,1,1,411,New
BF-11170,163,4,553.25,71.7974,0.2,4,4,3,443,Champions
BF-11215,433,2,749.46,194.7126,0.0,2,2,3,223,Lost
BF-11275,36,2,403.28599999999994,37.9998,0.1,5,2,2,522,New
BG-11035,276,5,890.344,275.8614,0.08,3,5,3,353,Loyal
BG-11695,956,2,126.078,37.9953,0.05,1,2,1,121,Lost
BG-11740,246,2,497.152,37.2864,0.2,3,2,3,323,Needs Attention
BH-11710,123,5,6011.232,785.7397,0.09999999999999999,4,5,5,455,Champions
BK-11260,367,3,485.13,-126.79400000000001,0.31,2,3,3,233,At Risk
BM-11140,580,3,11432.84,-1759.8592999999998,0.18000000000000002,2,3,5,235,At Risk
BM-11575,680,1,405.91999999999996,105.541,0.0,1,1,2,112,Lost
BM-11650,63,3,3774.973,1151.9913999999999,0.05,5,3,5,535,Loyal
BM-11785,1008,3,628.848,59.9672,0.3,1,3,3,133,At Risk
BN-11470,154,2,203.10399999999998,27.5643,0.15000000000000002,4,2,2,422,New
BN-11515,307,1,114.9,39.066,0.0,3,1,1,311,Needs Attention
BO-11350,252,3,2590.76,252.99500000000003,0.26,3,3,5,335,Loyal
BO-11425,795,1,6.08,2.0672,0.0,1,1,1,111,Lost
BP-11050,94,2,65.0,13.619599999999998,0.1,4,2,1,421,New
BP-11095,335,4,233.306,16.4336,0.24000000000000005,2,4,2,242,At Risk
BP-11155,36,4,1216.286,476.4128,0.04,5,4,4,544,Champions
BP-11185,31,3,586.976,-0.23279999999999745,0.18571428571428572,5,3,3,533,Loyal
BP-11290,73,3,784.777,-339.5546,0.3833333333333333,4,3,3,433,Loyal
BS-11365,1348,1,69.86,22.932000000000002,0.0,1,1,1,111,Lost
BS-11380,276,2,2505.9759999999997,-109.84080000000003,0.325,3,2,5,325,Needs Attention
BS-11590,917,2,1627.3619999999999,277.7819,0.1,1,2,4,124,Lost
BS-11755,39,4,1507.742,-31.811000000000007,0.1388888888888889,5,4,4,544,Champions
BS-11800,70,1,760.8,116.9461,0.0,4,1,3,413,New
BT-11305,917,2,211.816,82.5034,0.06666666666666667,1,2,2,122,Lost
BT-11395,254,1,399.672,-14.9877,0.2,3,1,2,312,Needs Attention
BT-11440,1347,1,440.04799999999994,-12.374399999999998,0.05,1,1,2,112,Lost
BT-11485,375,1,30.336,9.48,0.2,2,1,1,211,Lost
BT-11530,337,1,159.98,47.994,0.0,2,1,1,211,Lost
BT-11680,31,4,2048.326,588.4446,0.04000000000000001,5,4,5,545,Champions
BW-11065,310,2,370.896,-65.0118,0.2,2,2,2,222,Lost
BW-11110,134,4,3893.812,727.7427,0.18,4,4,5,445,Champions
BW-11200,37,3,920.3520000000001,67.892,0.25,5,3,3,533,Loyal
CA-11965,953,1,892.224,89.2224,0.2,1,1,3,113,Lost
CA-12055,461,2,1106.044,107.04820000000002,0.3666666666666667,2,2,4,224,Lost
CA-12265,216,3,902.076,121.1974,0.18571428571428572,3,3,3,333,Loyal
CA-12310,62,2,471.424,16.2474,0.2,5,2,2,522,New
CA-12775,307,3,829.152,239.3762,0.04,3,3,3,333,Loyal
CB-12025,4,4,807.6600000000001,-263.4423,0.2,5,4,3,543,Champions
CB-12415,215,3,151.958,-71.0343,0.48333333333333334,3,3,1,331,Loyal
CB-12535,193,5,1107.342,440.8114,0.018181818181818184,3,5,4,354,Loyal
CC-12100,493,1,85.209,-22.3352,0.5,2,1,1,211,Lost
CC-12145,461,3,109.596,4.2612,0.09999999999999999,2,3,1,231,At Risk
CC-12220,31,8,2528.232,182.828,0.12307692307692308,5,5,5,555,Champions
CC-12370,155,2,3138.116,963.9225,0.30000000000000004,4,2,5,425,New
CC-12430,155,4,820.1800000000001,188.04309999999998,0.037500000000000006,4,4,3,443,Champions
CC-12475,4,7,1555.294,144.8974,0.16999999999999998,5,5,4,554,Champions
CC-12550,245,2,65.856,29.073,0.13333333333333333,3,2,1,321,Needs Attention
CC-12610,398,2,368.394,-167.9481,0.32499999999999996,2,2,2,222,Lost
CC-12670,304,3,416.27000000000004,66.03450000000001,0.04,3,3,2,332,Loyal
CC-12685,833,1,364.07,131.0797,0.0,1,1,2,112,Lost
CD-11980,155,1,318.96,149.9112,0.0,4,1,2,412,New
CD-12280,185,1,796.036,118.909,0.1125,4,1,3,413,New
CD-12790,1382,1,12.35,5.8045,0.0,1,1,1,111,Lost
CG-12040,2,3,97.56,22.7802,0.06666666666666667,5,3,1,531,Loyal
CG-12520,458,1,993.9000000000001,261.49559999999997,0.0,2,1,4,214,Lost
CH-12070,498,1,1127.976,126.8973,0.2,2,1,4,214,Lost
CJ-12010,311,4,9166.278,921.5174,0.1875,2,4,5,245,At Risk
CK-12205,127,4,400.256,-13.436500000000002,0.17500000000000002,4,4,2,442,Champions
CK-12325,307,3,356.548,103.47460000000001,0.03333333333333333,3,3,2,332,Loyal
CK-12595,465,3,1380.304,251.7939,0.16428571428571428,2,3,4,234,At Risk
CK-12760,64,5,932.825,-390.8183,0.19999999999999998,5,5,3,553,Champions
CL-11890,37,2,56.77199999999999,19.3644,0.1,5,2,1,521,New
CL-12565,464,6,3232.852,340.1485,0.13846153846153847,2,5,5,255,At Risk
CM-11815,40,1,111.96,21.2724,0.0,5,1,1,511,New
CM-12115,278,2,1169.02,258.4685,0.04,3,2,4,324,Needs Attention
CM-12160,215,1,5.346,-4.455,0.7,3,1,1,311,Needs Attention
CM-12190,249,2,194.72400000000002,-32.5593,0.25,3,2,2,322,Needs Attention
CM-12235,396,2,839.02,297.2452,0.04,2,2,3,223,Lost
CM-12385,256,1,2031.3919999999998,685.6176,0.1,3,1,5,315,Needs Attention
CM-12445,1194,1,30.46,10.7732,0.0,1,1,1,111,Lost
CM-12655,245,4,3595.608,1016.6927000000001,0.03333333333333333,3,4,5,345,Loyal
CM-12715,1075,3,3915.9224,173.0182,0.292,1,3,5,135,At Risk
CP-12085,64,3,414.02,160.875,0.13333333333333333,5,3,2,532,Loyal
CP-12340,616,2,1432.7189999999998,-1046.2325,0.5333333333333333,2,2,4,224,Lost
CR-12580,246,1,1872.934,108.8048,0.1,3,1,5,315,Needs Attention
CR-12625,1437,1,334.68,104.7888,0.0,1,1,2,112,Lost
CR-12820,156,1,681.9100000000001,133.2009,0.0,4,1,3,413,New
CS-11845,11,3,1244.658,191.4511,0.20000000000000004,5,3,4,534,Loyal
CS-11860,282,2,505.328,99.1842,0.2,3,2,3,323,Needs Attention
CS-11950,130,6,1478.326,-16.682699999999997,0.3125,4,5,4,454,Champions
CS-12130,1315,1,472.044,84.36160000000001,0.06666666666666667,1,1,2,112,Lost
CS-12175,162,2,204.31,92.165,0.35,4,2,2,422,New
CS-12250,94,5,575.4,186.8039,0.044444444444444446,4,5,3,453,Champions
CS-12355,128,2,936.962,264.612,0.04,4,2,3,423,New
CS-12400,131,5,2782.0785,-399.3225,0.2888888888888889,4,5,5,455,Champions
CS-12460,245,2,550.644,156.2593,0.06666666666666667,3,2,3,323,Needs Attention
CS-12490,670,2,501.106,-51.1625,0.3,1,2,3,123,Lost
CS-12505,277,2,206.62,61.040000000000006,0.0,3,2,2,322,Needs Attention
CT-11995,221,2,1099.99,218.31939999999997,0.06,3,2,4,324,Needs Attention
CV-12295,583,2,387.236,105.9725,0.1,2,2,2,222,Lost
CV-12805,218,4,1101.3799999999999,-5.093200000000007,0.375,3,4,4,344,Loyal
CW-11905,92,3,785.852,199.95680000000002,0.14285714285714285,4,3,3,433,Loyal
CY-12745,336,3,816.352,-254.22660000000002,0.30000000000000004,2,3,3,233,At Risk
Co-12640,1039,1,564.768,44.0292,0.2,1,1,3,113,Lost
DA-13450,1161,1,9.64,4.7236,0.0,1,1,1,111,Lost
DB-12910,4,7,2161.2309999999998,427.746,0.15,5,5,5,555,Champions
DB-12970,252,2,1036.0812,83.05699999999999,0.16,3,2,4,324,Needs Attention
DB-13060,525,2,1171.868,258.6234,0.1,2,2,4,224,Lost
DB-13120,914,3,465.382,92.6302,0.08571428571428573,1,3,2,132,At Risk
DB-13210,62,5,1456.9409999999998,45.216499999999996,0.12727272727272726,5,5,4,554,Champions
DB-13270,124,4,4124.34,933.2961999999999,0.07500000000000001,4,4,5,445,Champions
DB-13360,39,1,386.14,113.5333,0.0,5,1,2,512,New
DB-13405,857,1,601.44,255.429,0.0,1,1,3,113,Lost
DB-13555,95,4,2060.0108,-9.17199999999999,0.152,4,4,5,445,Champions
DB-13615,161,4,1837.67,392.25379999999996,0.14285714285714285,4,4,4,444,Champions
DB-13660,344,3,184.608,-44.276399999999995,0.25,2,3,2,232,At Risk
DC-12850,221,2,514.68,-73.71719999999999,0.13333333333333333,3,2,3,323,Needs Attention
DC-13285,123,3,431.906,21.5244,0.049999999999999996,4,3,2,432,Loyal
DD-13570,283,1,109.62,38.3642,0.0,3,1,1,311,Needs Attention
DE-13255,407,2,114.49199999999999,24.9648,0.2,2,2,1,221,Lost
DF-13135,1343,1,110.098,37.8771,0.1,1,1,1,111,Lost
DG-13300,1011,2,534.192,51.60719999999999,0.15000000000000002,1,2,3,123,Lost
DH-13675,1101,1,457.74399999999997,72.60040000000001,0.20000000000000004,1,1,2,112,Lost
DJ-13420,649,4,2012.52,483.03499999999997,0.0,1,4,5,145,At Risk
DJ-13510,11,4,260.27,23.564500000000002,0.1,5,4,2,542,Champions
DK-12835,62,5,1456.71,408.41610000000003,0.15,5,5,4,554,Champions
DK-12895,862,1,2531.88,596.7203,0.0,1,1,5,115,Lost
DK-12985,191,3,737.52,-64.84619999999998,0.125,4,3,3,433,Loyal
DK-13090,246,4,1953.962,540.9741,0.1857142857142857,3,4,5,345,Loyal
DK-13150,1311,1,433.56,78.5007,0.2,1,1,2,112,Lost
DK-13225,615,3,1263.316,-128.40819999999997,0.2833333333333333,2,3,4,234,At Risk
DK-13375,1,4,1005.672,9.678700000000001,0.27142857142857146,5,4,4,544,Champions
DL-12865,648,1,187.056,11.691,0.2,1,1,2,112,Lost
DL-12925,246,5,3067.6000000000004,-48.9828,0.038461538461538464,3,5,5,355,Loyal
DL-13315,92,5,1055.2160000000001,262.0516,0.1272727272727273,4,5,4,454,Champions
DL-13330,246,1,41.37,17.3754,0.0,3,1,1,311,Needs Attention
DL-13495,342,2,900.5600000000001,91.152,0.1,2,2,3,223,Lost
DM-12955,126,3,195.10399999999998,10.2092,0.20000000000000004,4,3,2,432,Loyal
DM-13015,246,4,566.875,-36.83240000000001,0.325,3,4,3,343,Loyal
DM-13345,92,5,3124.442,1400.6176,0.08888888888888889,4,5,5,455,Champions
DM-13525,552,3,1376.792,199.7688,0.16999999999999998,2,3,4,234,At Risk
DN-13690,1099,2,160.21,66.1391,0.0,1,2,1,121,Lost
DO-13435,282,3,367.166,51.4516,0.16666666666666666,3,3,2,332,Loyal
DO-13645,215,3,682.342,101.81700000000001,0.10000000000000002,3,3,3,333,Loyal
DP-13000,224,3,259.128,56.7062,0.3,3,3,2,332,Loyal
DP-13105,519,1,1671.08,482.662,0.20000000000000004,2,1,4,214,Lost
DP-13165,794,2,1058.616,-40.93759999999999,0.15000000000000002,1,2,4,124,Lost
DP-13390,165,5,401.694,-72.3113,0.15,4,5,2,452,Champions
DR-12940,5,4,7426.900000000001,3262.309,0.07777777777777778,5,4,5,545,Champions
DS-13030,223,2,572.707,81.1399,0.049999999999999996,3,2,3,323,Needs Attention
DS-13180,123,4,1005.4428,115.29679999999998,0.13142857142857142,4,4,4,444,Champions
DV-13045,1,3,1081.883,-444.66700000000003,0.25833333333333336,5,3,4,534,Loyal
DV-13465,7,4,2590.737,312.2523,0.15454545454545457,5,4,5,545,Champions
DW-13195,1316,1,4.368,0.3822,0.2,1,1,1,111,Lost
DW-13480,530,2,3780.21,1164.7017,0.0,2,2,5,225,Lost
DW-13540,163,2,156.45600000000002,29.3768,0.13333333333333333,4,2,1,421,New
DW-13585,283,3,469.63,123.7218,0.16,3,3,2,332,Loyal
Dl-13600,98,4,695.362,153.0388,0.325,4,4,3,443,Champions
Dp-13240,125,5,6221.049,172.56729999999996,0.29411764705882354,4,5,5,455,Champions
EA-14035,339,6,1433.219,-323.86839999999995,0.37692307692307697,2,5,4,254,At Risk
EB-13705,99,4,819.24,17.133000000000003,0.2,4,4,3,443,Champions
EB-13750,32,5,2438.892,-160.93730000000002,0.16666666666666666,5,5,5,555,Champions
EB-13840,306,2,856.4,81.7,0.08,3,2,3,323,Needs Attention
EB-13870,40,6,1160.559,89.99700000000001,0.23333333333333336,5,5,4,554,Champions
EB-13930,1382,1,199.296,1.347999999999999,0.44999999999999996,1,1,2,112,Lost
EB-13975,398,3,1608.6309999999999,151.8843,0.325,2,3,4,234,At Risk
EB-14110,95,3,646.9,-20.4664,0.15000000000000002,4,3,3,433,Loyal
EB-14170,64,3,27.696,9.7192,0.20000000000000004,5,3,1,531,Loyal
EC-14050,124,2,131.68,45.8088,0.0,4,2,1,421,New
ED-13885,1036,2,2642.202,562.995,0.05,1,2,5,125,Lost
EG-13900,92,4,1592.06,20.279599999999995,0.2,4,4,4,444,Champions
EH-13765,647,4,1166.3,405.3336,0.05454545454545456,1,4,4,144,At Risk
EH-13945,797,2,82.926,19.906799999999997,0.2333333333333333,1,2,1,121,Lost
EH-13990,708,1,327.996,54.666,0.1,1,1,2,112,Lost
EH-14005,221,3,450.13800000000003,183.9928,0.12000000000000002,3,3,2,332,Loyal
EH-14125,339,3,328.11,-45.05360000000001,0.21999999999999997,2,3,2,232,At Risk
EH-14185,588,1,588.784,183.995,0.2,2,1,3,213,Lost
EJ-13720,254,1,1219.7920000000001,423.7296,0.1,3,1,4,314,Needs Attention
EJ-14155,218,4,2608.001,428.0174,0.07142857142857142,3,4,5,345,Loyal
EM-13810,589,2,167.5,60.224799999999995,0.1,2,2,1,221,Lost
EM-13825,185,4,694.722,110.8072,0.15999999999999998,4,4,3,443,Champions
EM-13960,308,4,879.3199999999999,100.93639999999999,0.24000000000000005,3,4,3,343,Loyal
EM-14065,221,1,30.336,-17.4432,0.6,3,1,1,311,Needs Attention
EM-14095,95,3,675.546,207.8334,0.05714285714285715,4,3,3,433,Loyal
EM-14140,674,2,2307.49,721.4003,0.0,1,2,5,125,Lost
EN-13780,586,1,1562.694,397.39149999999995,0.05,2,1,4,214,Lost
EP-13915,2,8,3887.8148,-315.0648,0.31375000000000003,5,5,5,555,Champions
ER-13855,522,2,1184.8039999999999,-300.3136,0.2,2,2,4,224,Lost
ES-14020,372,1,239.97,71.991,0.0,2,1,2,212,Lost
ES-14080,276,3,807.0,128.5026,0.2,3,3,3,333,Loyal
FA-14230,795,3,433.924,71.2948,0.3,1,3,2,132,At Risk
FC-14245,95,3,805.0699999999999,212.59679999999997,0.08571428571428573,4,3,3,433,Loyal
FC-14335,194,3,2271.158,614.6246000000001,0.1,3,3,5,335,Loyal
FG-14260,36,2,392.188,10.091800000000003,0.13333333333333333,5,2,2,522,New
FH-14275,32,4,3039.108,785.0516,0.15555555555555556,5,4,5,545,Champions
FH-14350,310,1,189.918,-26.916199999999996,0.43333333333333335,2,1,2,212,Lost
FH-14365,159,3,1490.8619999999999,219.7477,0.25,4,3,4,434,Loyal
FM-14215,404,4,990.87,299.2032,0.05,2,4,4,244,At Risk
FM-14290,155,5,560.6,159.1428,0.21428571428571427,4,5,3,453,Champions
FM-14380,127,5,1836.8020000000001,208.0111,0.12222222222222223,4,5,4,454,Champions
FO-14305,98,5,1753.752,232.27009999999999,0.3,4,5,4,454,Champions
FP-14320,123,5,2886.468,499.73210000000006,0.1375,4,5,5,455,Champions
FW-14395,287,2,60.19,18.014499999999998,0.0,3,2,1,321,Needs Attention
GA-14515,249,2,143.55,44.9352,0.0,3,2,1,321,Needs Attention
GA-14725,2,4,743.976,168.8035,0.05454545454545456,5,4,3,543,Champions
GB-14530,312,7,837.054,141.2423,0.1111111111111111,2,5,3,253,At Risk
GB-14575,466,2,260.048,84.81479999999999,0.12000000000000002,2,2,2,222,Lost
GD-14590,251,3,1884.214,229.53949999999998,0.12000000000000002,3,3,5,335,Loyal
GG-14650,186,4,984.682,-114.9953,0.16666666666666666,4,4,4,444,Champions
GH-14410,160,6,1885.392,-181.52589999999998,0.3,4,5,5,455,Champions
GH-14425,32,3,882.33,103.27510000000001,0.24285714285714285,5,3,3,533,Loyal
GH-14485,457,2,1361.2440000000001,-95.4498,0.4666666666666666,2,2,4,224,Lost
GK-14620,65,1,9.856,3.4496,0.2,5,1,1,511,New
GM-14440,94,2,918.444,111.4144,0.05,4,2,3,423,New
GM-14455,158,3,1994.19,606.9566,0.08,4,3,5,435,Loyal
GM-14500,403,3,54.652,19.2218,0.06666666666666667,2,3,1,231,At Risk
GM-14680,339,6,3163.628,35.48649999999999,0.14545454545454548,2,5,5,255,At Risk
GM-14695,218,2,5574.272,13.097300000000004,0.03333333333333333,3,2,5,325,Needs Attention
GP-14740,1288,1,44.91,-35.928,0.7,1,1,1,111,Lost
GT-14635,216,3,9351.212,-4108.6589,0.25,3,3,5,335,Loyal
GT-14710,519,1,1169.454,297.4051,0.1142857142857143,2,1,4,214,Lost
GT-14755,615,1,16.92,6.3,0.0,2,1,1,211,Lost
GW-14605,276,2,1145.037,-497.3075,0.39999999999999997,3,2,4,324,Needs Attention
GZ-14470,161,4,617.79,80.1892,0.075,4,4,3,443,Champions
GZ-14545,37,1,14.7,4.116,0.0,5,1,1,511,New
HA-14905,34,3,835.482,71.2123,0.12000000000000002,5,3,3,533,Loyal
HA-14920,4,5,1827.8259999999998,54.6856,0.15555555555555556,5,5,4,554,Champions
HD-14785,890,2,174.3,-169.0126,0.42000000000000004,1,2,1,121,Lost
HE-14800,97,2,597.73,187.7357,0.0,4,2,3,423,New
HF-14995,62,4,1408.801,-47.074799999999996,0.145,5,4,4,544,Champions
HG-14845,64,2,382.54799999999994,5.500400000000001,0.16,5,2,2,522,New
HG-14965,123,4,2200.458,-2966.2815,0.28,4,4,5,445,Champions
HG-15025,671,1,107.864,30.4407,0.2,1,1,1,111,Lost
HK-14890,251,3,581.614,269.05809999999997,0.13333333333333333,3,3,3,333,Loyal
HL-15040,247,3,73.018,21.7413,0.06666666666666667,3,3,1,331,Loyal
HM-14860,219,3,438.262,144.6884,0.23333333333333336,3,3,2,332,Loyal
HM-14980,9,2,592.0799999999999,76.46209999999999,0.2,5,2,3,523,New
HP-14815,335,3,1636.768,423.2189,0.125,2,3,4,234,At Risk
HR-14770,131,3,928.78,70.1196,0.1,4,3,3,433,Loyal
HW-14935,218,3,6058.4259999999995,1361.6776,0.05833333333333333,3,3,5,335,Loyal
IG-15085,830,1,370.14,144.3546,0.0,1,1,2,112,Lost
IL-15100,35,6,4925.599999999999,1110.4234,0.06153846153846154,5,5,5,555,Champions
IM-15055,583,1,2824.23,953.7237,0.1,2,1,5,215,Lost
IM-15070,520,4,2322.8140000000003,109.07499999999997,0.2333333333333333,2,5,5,255,At Risk
JA-15970,126,4,1298.62,111.3448,0.12,4,5,4,454,Champions
JB-15400,63,5,756.188,129.0762,0.06666666666666667,5,5,3,553,Champions
JB-15925,731,2,272.628,79.0062,0.1,1,2,2,122,Lost
JB-16000,65,4,85.386,33.2207,0.05,5,5,1,551,Champions
JB-16045,457,3,1178.685,23.982100000000013,0.34,2,3,4,234,At Risk
JC-15340,126,2,57.495,-4.9285,0.35,4,2,1,421,New
JC-15385,97,1,1058.108,502.92440000000005,0.05,4,1,4,414,New
JC-15775,312,2,478.92900000000003,24.4479,0.075,2,2,3,223,Lost
JC-16105,246,2,213.37400000000002,68.5069,0.1,3,2,2,322,Needs Attention
JD-15790,218,4,1924.392,-303.0261,0.20000000000000004,3,5,5,355,Loyal
JD-15895,432,5,4017.036,1151.0892999999999,0.037500000000000006,2,5,5,255,At Risk
JD-16015,6,4,274.59,14.5426,0.3,5,5,2,552,Champions
JD-16060,193,1,375.71,131.8881,0.0,3,1,2,312,Needs Attention
JE-15610,63,3,6787.746,1410.7746000000002,0.2333333333333333,5,3,5,535,Loyal
JE-15715,462,2,2579.313,216.08979999999997,0.41999999999999993,2,2,5,225,Lost
JE-15745,63,3,461.55,145.3573,0.0,5,3,2,532,Loyal
JE-16165,31,2,2672.57,780.2612,0.0,5,2,5,525,New
JF-15190,67,4,1710.738,522.7158,0.03333333333333333,5,5,4,554,Champions
JF-15355,225,2,118.17,49.2502,0.0,3,2,1,321,Needs Attention
JF-15415,4,2,2083.988,527.2506999999999,0.08571428571428573,5,2,5,525,New
JF-15490,161,6,790.6519999999999,-67.5888,0.2,4,5,3,453,Champions
JF-15565,155,5,3470.786,945.6226,0.20833333333333334,4,5,5,455,Champions
JG-15115,1006,2,312.322,-45.5154,0.3,1,2,2,122,Lost
JG-15160,549,3,1426.024,291.0532,0.2,2,3,4,234,At Risk
JG-15310,619,1,606.2139999999999,-40.833800000000004,0.25,1,1,3,113,Lost
JG-15805,1252,2,209.168,18.3736,0.20000000000000004,1,2,2,122,Lost
JH-15820,67,2,236.42,17.9075,0.1,5,2,2,522,New
JH-15910,521,2,84.834,18.623800000000003,0.1,2,2,1,221,Lost
JH-15985,304,4,2602.212,784.6794,0.06000000000000001,3,5,5,355,Loyal
JH-16180,557,2,1215.53,-169.3298,0.2333333333333333,2,2,4,224,Lost
JJ-15445,613,2,61.604,16.6564,0.1,2,2,1,221,Lost
JJ-15760,853,2,195.0,34.449200000000005,0.06666666666666667,1,2,2,122,Lost
JK-15205,671,2,201.214,48.3501,0.3,1,2,2,122,Lost
JK-15370,127,3,1280.8319999999999,138.3173,0.2,4,4,4,444,Champions
JK-15625,888,2,756.3999999999999,76.98679999999999,0.13333333333333333,1,2,3,123,Lost
JK-15640,250,2,4261.5,1019.9852999999999,0.12000000000000002,3,2,5,325,Needs Attention
JK-15730,125,3,1858.03,79.8752,0.34166666666666673,4,4,4,444,Champions
JK-16090,276,2,2854.578,357.76970000000006,0.36,3,2,5,325,Needs Attention
JK-16120,8,6,1169.3839999999998,182.3121,0.21666666666666667,5,5,4,554,Champions
JL-15130,9,2,78.64,1.5884,0.35000000000000003,5,2,1,521,New
JL-15175,216,2,153.184,44.3988,0.13333333333333333,3,2,1,321,Needs Attention
JL-15235,279,2,641.728,106.95660000000001,0.08,3,2,3,323,Needs Attention
JL-15505,2,3,3037.218,561.7205,0.07692307692307693,5,4,5,545,Champions
JL-15835,62,4,2348.516,817.6591,0.05384615384615384,5,5,5,555,Champions
JL-15850,923,2,1643.0439999999999,506.6768,0.13333333333333333,1,2,4,124,Lost
JM-15250,315,1,954.902,-390.9563,0.5285714285714286,2,1,3,213,Lost
JM-15265,366,1,1045.21,304.9421,0.0,2,1,4,214,Lost
JM-15580,460,1,99.87199999999999,31.8076,0.2,2,1,1,211,Lost
JM-15655,1227,1,21.375999999999998,7.7192,0.2,1,1,1,111,Lost
JM-15865,669,1,345.324,-49.83,0.46666666666666673,1,1,2,112,Lost
JM-16195,126,4,321.402,92.9203,0.06666666666666667,4,5,2,452,Champions
JO-15145,246,4,1778.2380000000003,489.28290000000004,0.03333333333333333,3,5,4,354,Loyal
JO-15280,1036,1,1038.84,51.942,0.2,1,1,4,114,Lost
JO-15550,823,1,2.48,1.1656,0.0,1,1,1,111,Lost
JP-15460,1037,1,235.97,100.932,0.0,1,1,2,112,Lost
JP-15520,92,3,3573.434,735.5004,0.029166666666666664,4,4,5,445,Champions
JP-16135,375,4,1136.2,155.5712,0.2333333333333333,2,5,4,254,At Risk
JR-16210,404,2,130.73399999999998,44.20819999999999,0.2333333333333333,2,2,1,221,Lost
JS-15595,279,2,619.75,-258.4768,0.35000000000000003,3,2,3,323,Needs Attention
JS-15880,376,2,1538.1499999999999,88.3375,0.13333333333333333,2,2,4,224,Lost
JS-15940,555,2,153.728,-10.3692,0.13333333333333333,2,2,1,221,Lost
JS-16030,276,1,303.372,-769.7316,0.7,3,1,2,312,Needs Attention
JW-15220,278,1,10.16,3.4544,0.0,3,1,1,311,Needs Attention
JW-15955,127,1,116.47999999999999,31.6896,0.0,4,1,1,411,New
JW-16075,434,2,141.792,-95.40639999999999,0.4000000000000001,2,2,1,221,Lost
KA-16525,733,2,208.78,52.415000000000006,0.0,1,2,2,122,Lost
KB-16240,6,4,1802.894,289.9907,0.12000000000000002,5,5,4,554,Champions
KB-16315,71,3,637.4839999999999,106.8355,0.2833333333333333,4,4,3,443,Champions
KB-16405,218,2,753.661,230.9146,0.06666666666666667,3,2,3,323,Needs Attention
KB-16585,427,6,824.5400000000001,182.59369999999998,0.09166666666666667,2,5,3,253,At Risk
KB-16600,62,3,133.596,27.5934,0.32,5,4,1,541,Champions
KC-16255,647,2,181.63400000000001,30.098300000000002,0.06666666666666667,1,2,2,122,Lost
KC-16540,369,2,3802.91,688.8493,0.0,2,2,5,225,Lost
KC-16675,246,1,446.99600000000004,92.6086,0.1,3,1,2,312,Needs Attention
KD-16270,586,5,8282.358,1107.6952000000003,0.1875,2,5,5,255,At Risk
KD-16345,1403,1,72.69,23.1918,0.0,1,1,1,111,Lost
KD-16495,65,5,7279.562,2891.9066999999995,0.03125,5,5,5,555,Champions
KD-16615,285,2,219.536,56.0176,0.2,3,2,2,322,Needs Attention
KE-16420,215,5,673.0899999999999,168.3635,0.2,3,5,3,353,Loyal
KF-16285,4,4,9536.564,1381.3463000000002,0.04,5,5,5,555,Champions
KH-16330,1318,2,118.44799999999998,9.6952,0.06666666666666667,1,2,1,121,Lost
KH-16360,253,2,33.172000000000004,10.7986,0.1,3,2,1,321,Needs Attention
KH-16510,92,2,4055.487,466.80920000000003,0.075,4,2,5,425,New
KH-16630,4,6,1335.554,199.32899999999998,0.16,5,5,4,554,Champions
KH-16690,884,1,12.96,6.2208,0.0,1,1,1,111,Lost
KL-16555,216,3,2415.5640000000003,3.3994,0.2,3,4,5,345,Loyal
KL-16645,70,5,2940.911,112.50540000000001,0.22857142857142856,4,5,5,455,Champions
KM-16225,62,5,1840.7240000000002,524.8987,0.014285714285714287,5,5,4,554,Champions
KM-16375,216,3,310.64,140.9293,0.0,3,4,2,342,Loyal
KM-16660,673,2,148.952,37.4856,0.05,1,2,1,121,Lost
KM-16720,276,2,1317.858,385.0343,0.04,3,2,4,324,Needs Attention
KN-16390,1,7,1911.29,-111.181,0.17500000000000002,5,5,5,555,Champions
KN-16450,93,3,2162.875,111.6793,0.25833333333333336,4,4,5,445,Champions
KN-16705,7,3,329.09,157.5969,0.0,5,4,2,542,Champions
KS-16300,40,1,61.876,-6.378400000000001,0.44999999999999996,5,1,1,511,New
KT-16465,580,2,1271.566,104.2472,0.175,2,2,4,224,Lost
KT-16480,399,4,4240.492,123.0368,0.26666666666666666,2,5,5,255,At Risk
KW-16435,339,2,39.564,-0.7119,0.5,2,2,1,221,Lost
KW-16570,888,1,241.34,47.1344,0.0,1,1,2,112,Lost
LA-16780,468,3,2118.786,665.4033000000001,0.1,2,4,5,245,At Risk
LB-16795,69,6,4389.972000000001,-25.945400000000014,0.17894736842105263,4,5,5,455,Champions
LC-16870,245,4,1187.3899999999999,-80.36500000000001,0.2882352941176471,3,5,4,354,Loyal
LC-16885,761,1,10.332,-7.5768,0.7,1,1,1,111,Lost
LC-16930,34,4,523.904,73.2008,0.17500000000000002,5,5,3,553,Champions
LC-16960,1066,1,2676.672,267.6672,0.2,1,1,5,115,Lost
LC-17050,65,5,2095.064,86.77799999999999,0.27222222222222225,5,5,5,555,Champions
LC-17140,65,4,478.65999999999997,6.6275999999999975,0.16,5,5,3,553,Champions
LD-17005,367,2,315.564,94.9686,0.1,2,2,2,222,Lost
LE-16810,62,2,474.66799999999995,49.559799999999996,0.1,5,2,2,522,New
LF-17185,92,3,1219.133,184.79160000000002,0.09999999999999999,4,4,4,444,Champions
LH-16750,308,1,271.96,16.9975,0.2,3,1,2,312,Needs Attention
LH-16900,62,4,982.0,206.7542,0.17142857142857146,5,5,3,553,Champions
LH-17020,191,4,318.239,-242.73989999999998,0.4666666666666666,3,5,2,352,Loyal
LH-17155,396,5,1321.395,173.30849999999998,0.075,2,5,4,254,At Risk
LL-16840,981,2,303.29,111.4032,0.0,1,2,2,122,Lost
LM-17065,523,2,53.868,21.5424,0.1,2,2,1,221,Lost
LO-17170,917,2,222.95,34.4544,0.0,1,2,2,122,Lost
LP-17080,8,2,625.678,65.8879,0.10000000000000002,5,2,3,523,New
LP-17095,187,5,1164.492,110.5318,0.16999999999999998,4,5,4,454,Champions
LR-16915,215,5,4702.748,504.694,0.13076923076923078,3,5,5,355,Loyal
LR-17035,887,2,938.2490000000001,-94.3948,0.3333333333333333,1,2,3,123,Lost
LS-16945,189,1,396.394,-359.7987,0.52,4,1,2,412,New
LS-16975,31,2,354.48400000000004,32.6064,0.06666666666666667,5,2,2,522,New
LS-17200,339,1,173.4,62.9676,0.0,2,1,1,211,Lost
LS-17230,1261,1,19.44,9.3312,0.0,1,1,1,111,Lost
LT-16765,215,3,329.876,59.036,0.13333333333333333,3,4,2,342,Loyal
LT-17110,731,3,1991.9569999999999,322.3896,0.10714285714285714,1,4,5,145,At Risk
LW-16825,247,2,601.7439999999999,70.6832,0.36666666666666664,3,2,3,323,Needs Attention
LW-16990,71,4,2498.03,459.9406,0.125,4,5,5,455,Champions
LW-17125,98,3,1259.04,192.6312,0.0,4,4,4,444,Champions
LW-17215,9,5,5124.192,761.7407000000001,0.05,5,5,5,555,Champions
MA-17560,792,4,2892.207,927.9089,0.03333333333333333,1,5,5,155,At Risk
MA-17995,489,2,1799.466,191.65679999999998,0.05,2,2,4,224,Lost
MB-17305,64,5,866.884,71.8186,0.15714285714285717,5,5,3,553,Champions
MB-18085,161,5,1397.0169999999998,108.0939,0.225,4,5,4,454,Champions
MC-17275,887,2,1812.894,221.3385,0.10000000000000002,1,2,4,124,Lost
MC-17575,127,6,1260.0330000000001,190.5737,0.35555555555555557,4,5,4,454,Champions
MC-17590,63,1,163.55,47.1736,0.0,5,1,1,511,New
MC-17605,65,3,1106.25,79.8192,0.175,5,4,4,544,Champions
MC-17635,1372,1,25.92,12.4416,0.0,1,1,1,111,Lost
MC-17845,31,4,2971.77,420.4121,0.125,5,5,5,555,Champions
MC-18100,279,3,151.98000000000002,-3.1356,0.06666666666666667,3,4,1,341,Loyal
MC-18130,885,1,33.48,3.9546,0.0,1,1,1,111,Lost
MD-17350,40,5,2610.992,-336.8694,0.39999999999999997,5,5,5,555,Champions
MD-17860,1400,1,114.78399999999999,-47.3384,0.4666666666666666,1,1,1,111,Lost
ME-17320,32,4,8322.572,1718.0963,0.04615384615384616,5,5,5,555,Champions
ME-17725,276,4,966.4060000000001,253.8857,0.08,3,5,3,353,Loyal
MF-17665,468,3,262.714,71.1126,0.13333333333333333,2,4,2,242,At Risk
MF-18250,732,2,458.36400000000003,134.6126,0.12000000000000002,1,2,2,122,Lost
MG-17650,304,2,1318.048,26.099599999999995,0.20000000000000004,3,2,4,324,Needs Attention
MG-17680,98,1,1515.186,137.4528,0.175,4,1,4,414,New
MG-17695,859,1,145.504,-392.85949999999997,0.5,1,1,1,111,Lost
MG-17875,187,2,354.664,32.807199999999995,0.1,4,2,2,422,New
MG-17890,132,3,72.27799999999999,10.5335,0.06666666666666667,4,4,1,441,Champions
MG-18145,125,2,2079.67,61.388400000000004,0.16666666666666666,4,2,5,425,New
MG-18205,39,1,16.739,-1.2453,0.44999999999999996,5,1,1,511,New
MH-17290,10,2,1689.708,-42.632999999999974,0.2714285714285714,5,2,4,524,New
MH-17440,498,2,258.748,6.0368,0.25,2,2,2,222,Lost
MH-17455,156,4,1849.74,435.75300000000004,0.13333333333333333,4,5,4,454,Champions
MH-17620,613,2,75.42,25.8948,0.1,2,3,1,231,At Risk
MH-17785,405,1,104.696,6.5435,0.2,2,1,1,211,Lost
MH-18025,2,2,152.802,25.0965,0.15000000000000002,5,3,1,531,Loyal
MH-18115,40,2,317.272,-7.597199999999999,0.31666666666666665,5,3,2,532,Loyal
MJ-17740,10,5,1255.096,354.5803,0.26666666666666666,5,5,4,554,Champions
MK-17905,276,1,47.96,4.1965,0.2,3,1,1,311,Needs Attention
MK-18160,222,3,778.9900000000001,250.108,0.0,3,4,3,343,Loyal
ML-17395,72,4,1234.21,455.6636,0.0,4,5,4,454,Champions
ML-17410,155,1,175.324,-14.749399999999998,0.25,4,1,2,412,New
ML-17755,2,6,1984.226,384.2559,0.08,5,5,5,555,Champions
ML-18040,221,1,6.37,-9.555,0.8,3,1,1,311,Needs Attention
MM-17260,11,1,147.568,-3.6892,0.2,5,1,1,511,New
MM-17920,218,4,3327.084,63.95140000000001,0.10000000000000002,3,5,5,355,Loyal
MM-18055,95,3,1256.809,-418.9143,0.13999999999999999,4,4,4,444,Champions
MM-18280,37,2,55.120000000000005,20.7916,0.0,5,3,1,531,Loyal
MN-17935,41,2,609.456,58.1552,0.13333333333333333,5,3,3,533,Loyal
MO-17500,522,2,813.9639999999999,120.86439999999999,0.13333333333333333,2,3,3,233,At Risk
MO-17800,68,2,305.513,-69.4657,0.325,5,3,2,532,Loyal
MO-17950,250,2,154.288,-82.0074,0.35000000000000003,3,3,1,331,Loyal
MP-17470,407,4,1750.956,229.0888,0.125,2,5,4,254,At Risk
MP-17965,128,3,302.876,90.83659999999999,0.13333333333333333,4,4,2,442,Champions
MP-18175,41,4,344.16700000000003,55.3074,0.24166666666666667,5,5,2,552,Champions
MR-17545,97,3,190.35999999999999,33.861599999999996,0.3333333333333333,4,4,2,442,Champions
MS-17365,312,6,3098.204,301.88359999999994,0.18000000000000002,2,5,5,255,At Risk
MS-17530,1067,2,337.29999999999995,58.7232,0.0,1,3,2,132,At Risk
MS-17710,1349,1,84.83,26.1601,0.0,1,1,1,111,Lost
MS-17770,338,4,797.678,12.824299999999996,0.08,2,5,3,253,At Risk
MS-17830,582,3,359.836,15.751999999999999,0.175,2,4,2,242,At Risk
MS-17980,215,4,721.984,36.38420000000001,0.1875,3,5,3,353,Loyal
MT-17815,2,3,52.721,1.7796000000000003,0.22499999999999998,5,4,1,541,Champions
MT-18070,37,2,975.545,72.5377,0.05833333333333333,5,3,3,533,Loyal
MV-17485,164,3,565.722,157.1586,0.19999999999999998,4,4,3,443,Champions
MV-18190,1,4,999.1080000000001,123.23799999999999,0.16,5,5,4,554,Champions
MW-18220,950,1,73.776,-0.2610000000000001,0.2,1,1,1,111,Lost
MY-17380,285,2,687.0840000000001,71.1804,0.13333333333333333,3,3,3,333,Loyal
MY-18295,222,4,946.9720000000001,-112.3854,0.3314285714285714,3,5,3,353,Loyal
MZ-17335,335,3,573.7760000000001,79.07010000000001,0.08,2,4,3,243,At Risk
MZ-17515,372,4,2203.0460000000003,763.6597,0.35,2,5,5,255,At Risk
NB-18655,1,3,605.004,97.2681,0.15000000000000002,5,4,3,543,Champions
NC-18340,983,2,1316.918,330.9594,0.07142857142857142,1,3,4,134,At Risk
NC-18415,828,2,64.03200000000001,24.7344,0.13333333333333333,1,3,1,131,At Risk
NC-18535,32,3,5741.405,591.5469,0.29,5,4,5,545,Champions
NC-18625,68,3,991.472,65.62440000000001,0.3,5,4,4,544,Champions
ND-18370,245,3,727.028,3.861800000000004,0.15000000000000002,3,4,3,343,Loyal
ND-18460,37,3,2754.5,457.68330000000003,0.04,5,4,5,545,Champions
NF-18385,1107,1,1508.13,186.7374,0.0,1,1,4,114,Lost
NF-18475,1433,1,4.71,0.0,0.0,1,1,1,111,Lost
NF-18595,126,4,389.33599999999996,105.4495,0.15000000000000002,4,5,2,452,Champions
NG-18430,946,2,499.784,140.8316,0.1,1,3,3,133,At Risk
NH-18610,100,2,735.4839999999999,184.2236,0.1,4,3,3,433,Loyal
NL-18310,277,1,1158.882,282.4405,0.03333333333333333,3,1,4,314,Needs Attention
NM-18445,1198,3,5321.484,2390.849,0.037500000000000006,1,4,5,145,At Risk
NM-18520,342,6,2078.426,811.4695,0.16,2,5,5,255,At Risk
NP-18325,184,3,3817.888,894.7225000000001,0.06153846153846154,4,4,5,445,Champions
NP-18670,277,1,95.66000000000001,26.7374,0.0,3,1,1,311,Needs Attention
NP-18685,914,3,1115.008,478.219,0.3,1,4,4,144,At Risk
NP-18700,550,3,5374.5505,315.58480000000003,0.15,2,4,5,245,At Risk
NR-18550,251,3,1747.377,-271.7392,0.29,3,4,4,344,Loyal
NS-18505,306,1,413.784,91.3466,0.15000000000000002,3,1,2,312,Needs Attention
NS-18640,67,8,2049.879,-417.7622,0.29411764705882354,5,5,5,555,Champions
NW-18400,6,3,3598.987,839.3231000000001,0.2125,5,4,5,545,Champions
NZ-18565,156,7,1475.616,301.185,0.18333333333333332,4,5,4,454,Champions
ON-18715,375,4,753.08,218.8456,0.06666666666666668,2,5,3,253,At Risk
OT-18730,402,1,1388.7800000000002,-191.56,0.06666666666666667,2,1,4,214,Lost
PA-19060,1044,1,112.03999999999999,53.581599999999995,0.0,1,1,1,111,Lost
PB-18805,184,1,497.04400000000004,125.8218,0.16,4,1,3,413,New
PB-19105,246,1,40.776,0.5097,0.2,3,1,1,311,Needs Attention
PB-19150,1097,1,23.472,7.6284,0.2,1,1,1,111,Lost
PB-19210,406,1,69.93,0.6993,0.0,2,1,1,211,Lost
PC-18745,397,1,225.82799999999997,66.57419999999999,0.1,2,1,2,212,Lost
PC-19000,1070,2,1061.488,-184.3364,0.13333333333333333,1,3,4,134,At Risk
PF-19120,892,2,887.74,-1115.6038,0.2,1,3,3,133,At Risk
PF-19165,428,2,1782.8,478.67859999999996,0.0,2,3,4,234,At Risk
PF-19225,126,3,2058.946,547.9551,0.05,4,4,5,445,Champions
PG-18820,2,5,1042.7259999999999,359.60699999999997,0.09999999999999999,5,5,4,554,Champions
PG-18895,246,3,753.4799999999999,12.897900000000002,0.19999999999999998,3,4,3,343,Loyal
PJ-18835,246,3,50.0,20.435000000000002,0.13333333333333333,3,4,1,341,Loyal
PJ-19015,460,2,155.0,-10.0009,0.1,2,3,1,231,At Risk
PK-18910,613,2,1441.152,-798.705,0.3666666666666667,2,3,4,234,At Risk
PK-19075,124,5,2917.956,284.5315,0.03636363636363637,4,5,5,455,Champions
PL-18925,1432,1,65.8,31.83,0.0,1,1,1,111,Lost
PM-18940,427,2,1103.6599999999999,179.589,0.0,2,3,4,234,At Risk
PM-19135,63,2,751.288,89.8918,0.20000000000000004,5,3,3,533,Loyal
PN-18775,63,4,253.828,68.00280000000001,0.08,5,5,2,552,Champions
PO-18850,159,5,434.46000000000004,74.51140000000001,0.125,4,5,2,452,Champions
PO-18865,188,1,338.86,156.541,0.0,4,1,2,412,New
PO-19180,765,2,2315.08,681.9528,0.0,1,3,5,135,At Risk
PO-19195,186,2,524.7819999999999,-37.1917,0.28,4,3,3,433,Loyal
PP-18955,397,4,3453.344,782.7309,0.11304347826086956,2,5,5,255,At Risk
PR-18880,769,2,153.872,26.4166,0.20000000000000004,1,3,1,131,At Risk
PS-18760,436,1,435.84999999999997,124.1886,0.0,2,1,2,212,Lost
PS-18970,217,3,219.94799999999998,28.8286,0.06666666666666667,3,4,2,342,Loyal
PS-19045,99,3,3389.8320000000003,1064.7959999999998,0.06666666666666667,4,4,5,445,Champions
PT-19090,552,2,98.636,-25.552,0.5,2,3,1,231,At Risk
PV-18985,10,3,2332.026,278.92280000000005,0.1375,5,4,5,545,Champions
PW-19030,188,3,220.48200000000003,75.9214,0.03333333333333333,4,4,2,442,Champions
PW-19240,1006,1,359.499,-29.6058,0.15,1,1,2,112,Lost
QJ-19255,184,7,5638.954,999.1636,0.15555555555555556,4,5,5,455,Champions
RA-19285,218,4,1102.686,306.09860000000003,0.2,3,5,4,354,Loyal
RA-19885,185,3,1380.518,372.2062,0.06666666666666667,4,4,4,444,Champions
RA-19915,1432,1,2027.144,252.3136,0.2,1,1,5,115,Lost
RA-19945,792,1,25.488,4.4604,0.2,1,1,1,111,Lost
RB-19360,677,1,560.78,116.3488,0.0,1,1,3,113,Lost
RB-19435,1,4,959.952,187.92549999999997,0.31428571428571433,5,5,3,553,Champions
RB-19465,436,4,1389.114,355.1982,0.08,2,5,4,254,At Risk
RB-19570,184,2,398.474,74.8437,0.075,4,3,2,432,Loyal
RB-19705,155,1,5.682,-3.788,0.7,4,1,1,411,New
RB-19795,186,3,201.054,78.58680000000001,0.05,4,4,2,442,Champions
RC-19825,525,3,363.524,40.859,0.06666666666666667,2,4,2,242,At Risk
RC-19960,4,3,462.986,-126.48680000000002,0.275,5,4,2,542,Champions
RD-19480,589,3,1891.0700000000002,178.917,0.05,2,4,5,245,At Risk
RD-19585,250,5,1820.508,510.59439999999995,0.028571428571428574,3,5,4,354,Loyal
RD-19660,126,2,1618.68,757.8186000000001,0.0,4,3,4,434,Loyal
RD-19720,62,5,706.067,38.2425,0.19499999999999998,5,5,3,553,Champions
RD-19810,255,3,712.9359999999999,182.4097,0.31428571428571433,3,4,3,343,Loyal
RD-19900,126,3,1895.92,270.5197,0.05000000000000001,4,4,5,445,Champions
RD-19930,39,2,164.012,0.6931000000000003,0.34285714285714286,5,3,1,531,Loyal
RE-19450,254,2,237.05599999999998,-15.128199999999998,0.3,3,3,2,332,Loyal
RF-19345,549,2,22.032,7.4124,0.2,2,3,1,231,At Risk
RF-19735,278,2,338.56,130.3402,0.0,3,3,2,332,Loyal
RF-19840,1098,1,49.632,4.9632,0.2,1,1,1,111,Lost
RH-19510,405,1,3384.45,382.8315,0.1,2,1,5,215,Lost
RH-19555,975,1,8.226,-6.0324,0.7,1,1,1,111,Lost
RH-19600,854,2,2056.7400000000002,165.3761,0.12,1,3,5,135,At Risk
RK-19300,279,2,221.862,-9.863199999999999,0.30000000000000004,3,3,2,332,Loyal
RL-19615,128,5,4837.669,155.1444,0.255,4,5,5,455,Champions
RM-19375,465,3,617.414,169.6614,0.06666666666666667,2,4,3,243,At Risk
RM-19675,1068,1,334.43,103.92099999999999,0.0,1,1,2,112,Lost
RM-19750,163,1,98.35,28.6879,0.0,4,1,1,411,New
RO-19780,397,4,1853.29,-993.5316,0.22000000000000003,2,5,4,254,At Risk
RP-19270,918,1,467.6532,-91.21629999999999,0.38,1,1,2,112,Lost
RP-19390,892,5,2929.116,709.5640000000001,0.05714285714285715,1,5,5,155,At Risk
RP-19855,276,3,662.93,219.27739999999997,0.06666666666666667,3,4,3,343,Loyal
RR-19315,1,1,608.552,-77.3036,0.36666666666666664,5,1,3,513,New
RR-19525,945,2,2401.794,554.53,0.04,1,3,5,135,At Risk
RS-19420,103,3,2142.4,413.7152,0.0,4,4,5,445,Champions
RS-19765,95,5,2148.35,589.643,0.2,4,5,5,455,Champions
RS-19870,1,2,22.328,9.5838,0.06666666666666667,5,3,1,531,Loyal
RW-19540,130,3,2784.614,758.3917,0.014285714285714287,4,4,5,445,Champions
RW-19630,278,3,272.298,55.1051,0.26666666666666666,3,4,2,342,Loyal
RW-19690,34,1,808.92,125.3079,0.0,5,1,3,513,New
SA-20830,70,2,291.246,81.83,0.32499999999999996,4,3,2,432,Loyal
SB-20170,72,2,393.472,-15.646800000000002,0.3333333333333333,4,3,2,432,Loyal
SB-20290,65,4,1648.904,-403.33720000000005,0.13636363636363635,5,5,4,554,Champions
SC-20020,793,4,2009.4340000000002,-96.67480000000002,0.14,1,5,5,155,At Risk
SC-20050,9,3,390.54,79.87199999999999,0.45,5,4,2,542,Champions
SC-20095,854,3,2065.882,938.1857,0.06666666666666667,1,4,5,145,At Risk
SC-20230,249,3,1032.836,164.24099999999999,0.1,3,4,4,344,Loyal
SC-20260,343,2,721.0699999999999,22.363500000000002,0.26666666666666666,2,3,3,233,At Risk
SC-20305,37,2,555.429,25.4137,0.3,5,3,3,533,Loyal
SC-20380,255,4,2987.352,-547.1709000000001,0.3,3,5,5,355,Loyal
SC-20440,978,2,147.08,11.3032,0.44999999999999996,1,3,1,131,At Risk
SC-20575,824,1,50.461999999999996,-2.4326,0.5333333333333333,1,1,1,111,Lost
SC-20695,35,6,1567.508,268.3348,0.31428571428571433,5,5,4,554,Champions
SC-20725,315,4,1905.632,367.30060000000003,0.18571428571428572,2,5,5,255,At Risk
SC-20770,285,1,19.198,-21.5615,0.5,3,1,1,311,Needs Attention
SC-20800,335,2,208.696,41.4596,0.20000000000000004,2,3,2,232,At Risk
SC-20845,367,1,14.112,1.2348,0.2,2,1,1,211,Lost
SD-20485,1100,3,398.714,17.206899999999997,0.2,1,4,2,142,At Risk
SE-20110,372,5,10402.534000000001,2836.4474,0.125,2,5,5,255,At Risk
SF-20065,305,3,612.55,214.2335,0.04,3,4,3,343,Loyal
SF-20200,305,4,2787.81,274.20390000000003,0.03333333333333333,3,5,5,355,Loyal
SF-20965,5,4,1697.134,99.347,0.2571428571428572,5,5,4,554,Champions
SG-20470,340,2,1071.45,-283.0311,0.13333333333333333,2,3,4,234,At Risk
SG-20605,914,2,2622.882,403.6594,0.05714285714285715,1,3,5,135,At Risk
SG-20890,673,1,19.648,6.6312,0.2,1,1,1,111,Lost
SH-19975,163,4,1221.4679999999998,141.73329999999999,0.08888888888888889,4,5,4,454,Champions
SH-20395,34,8,2173.614,-145.05179999999996,0.21538461538461537,5,5,5,555,Champions
SJ-20125,5,5,353.038,118.2323,0.15000000000000002,5,5,2,552,Champions
SJ-20215,304,4,913.094,9.275099999999998,0.33999999999999997,3,5,3,353,Loyal
SJ-20500,669,2,1000.592,229.83629999999997,0.05,1,3,4,134,At Risk
SL-20155,396,2,74.24,8.1924,0.13333333333333333,2,3,1,231,At Risk
SM-20005,581,2,195.192,-47.534800000000004,0.35,2,3,2,232,At Risk
SM-20320,67,1,526.45,31.587,0.0,5,1,3,513,New
SM-20905,617,1,1043.041,-237.2885,0.2833333333333333,2,1,4,214,Lost
SM-20950,184,3,455.736,146.7268,0.04,4,4,2,442,Champions
SN-20560,34,3,1191.9840000000002,-966.5480000000001,0.1142857142857143,5,4,4,544,Champions
SN-20710,1287,1,113.72,32.9398,0.0,1,1,1,111,Lost
SO-20335,65,4,2417.3235,-161.1522,0.1375,5,5,5,555,Champions
SP-20545,164,2,625.668,62.586999999999996,0.15000000000000002,4,3,3,433,Loyal
SP-20620,65,5,4459.1230000000005,-369.3476,0.26666666666666666,5,5,5,555,Champions
SP-20650,427,4,736.884,214.016,0.05000000000000001,2,5,3,253,At Risk
SP-20860,224,2,67.57000000000001,29.989400000000003,0.0,3,3,1,331,Loyal
SR-20425,93,2,265.27200000000005,-2.543599999999998,0.15,4,3,2,432,Loyal
SR-20740,618,4,139.086,21.8616,0.1,2,5,1,251,At Risk
SS-20140,251,2,86.678,22.1144,0.12000000000000002,3,3,1,331,Loyal
SS-20410,4,3,534.638,-477.21459999999996,0.3,5,4,3,543,Champions
SS-20590,434,3,182.17000000000002,32.8326,0.0,2,4,2,242,At Risk
SS-20875,307,1,42.91,14.8186,0.1,3,1,1,311,Needs Attention
SU-20665,31,5,1199.234,411.8112,0.044444444444444446,5,5,4,554,Champions
SV-20365,158,4,1104.896,78.5299,0.08,4,5,4,454,Champions
SV-20785,885,5,2474.639,372.4147,0.17142857142857143,1,5,5,155,At Risk
SV-20815,982,1,125.93,35.2604,0.0,1,2,1,121,Lost
SV-20935,185,2,458.61,126.69,0.35,4,3,2,432,Loyal
SW-20245,33,3,423.17,-58.717,0.32499999999999996,5,4,2,542,Champions
SW-20275,335,3,1081.75,276.0399,0.05,2,4,4,244,At Risk
SW-20350,435,1,523.18,137.0828,0.0,2,2,3,223,Lost
SW-20455,761,3,402.5,161.86260000000001,0.0,1,4,2,142,At Risk
SW-20755,1401,1,94.732,19.7177,0.1,1,2,1,121,Lost
SZ-20035,97,7,1040.781,15.429100000000002,0.22307692307692312,4,5,4,454,Champions
TA-21385,223,3,879.1619999999999,106.62259999999999,0.09999999999999999,3,4,3,343,Loyal
TB-21055,249,2,254.16,119.1754,0.05,3,3,2,332,Loyal
TB-21175,277,3,3397.488,853.5667,0.05,3,4,5,345,Loyal
TB-21190,2,2,42.72,13.9788,0.0,5,3,1,531,Loyal
TB-21250,490,4,961.152,341.2109,0.20833333333333334,2,5,3,253,At Risk
TB-21280,1431,1,95.968,9.5968,0.2,1,2,1,121,Lost
TB-21355,158,1,115.296,40.3536,0.2,4,2,1,421,New
TB-21400,7,3,1856.71,521.4926,0.06666666666666667,5,4,4,544,Champions
TB-21520,620,1,14.368,3.9512,0.2,1,2,1,121,Lost
TB-21595,1251,1,146.688,18.1296,0.2,1,2,1,121,Lost
TB-21625,335,4,1521.9859999999999,139.57580000000002,0.075,2,5,4,254,At Risk
TC-20980,643,2,18437.138000000003,8745.0635,0.14285714285714285,1,3,5,135,At Risk
TC-21295,161,3,921.34,81.6632,0.16666666666666666,4,4,3,443,Champions
TC-21475,284,3,849.092,143.43959999999998,0.2,3,4,3,343,Loyal
TC-21535,123,3,122.47999999999999,54.682,0.0,4,4,1,441,Champions
TD-20995,2,3,74.93599999999999,-10.697000000000001,0.2833333333333333,5,4,1,541,Champions
TG-21310,644,2,1004.588,451.66139999999996,0.1,1,3,4,134,At Risk
TG-21640,126,2,744.556,185.5943,0.05,4,3,3,433,Loyal
TH-21100,434,1,27.86,9.1938,0.0,2,2,1,221,Lost
TH-21115,277,2,904.464,-175.1401,0.2,3,3,3,333,Loyal
TH-21235,98,3,547.652,60.7406,0.12000000000000002,4,4,3,443,Champions
TH-21550,1319,1,55.48,26.6304,0.0,1,2,1,121,Lost
TM-21010,734,2,616.54,154.8022,0.0,1,3,3,133,At Risk
TN-21040,306,3,802.312,211.22830000000002,0.05,3,4,3,343,Loyal
TP-21130,215,3,1860.3180000000002,445.09159999999997,0.03333333333333333,3,4,4,344,Loyal
TP-21415,72,1,397.74399999999997,-436.2648,0.6000000000000001,4,2,2,422,New
TP-21565,581,3,1598.9519999999998,139.26719999999997,0.25,2,4,4,244,At Risk
TR-21325,460,3,410.59999999999997,138.1184,0.0,2,4,2,242,At Risk
TS-21085,134,1,2.808,-1.9656,0.7,4,2,1,421,New
TS-21160,619,1,60.63,19.6002,0.0,1,2,1,121,Lost
TS-21205,673,3,1249.124,110.02420000000001,0.17142857142857146,1,4,4,144,At Risk
TS-21340,801,2,9.72,1.1223999999999998,0.5,1,3,1,131,At Risk
TS-21370,8,3,6856.017,1301.4909,0.1571428571428571,5,4,5,545,Champions
TS-21430,6,2,647.68,-228.04229999999998,0.275,5,3,3,533,Loyal
TS-21505,124,2,563.892,179.3592,0.06666666666666667,4,3,3,433,Loyal
TS-21610,185,2,261.004,34.1522,0.3666666666666667,4,3,2,432,Loyal
TS-21655,161,3,2167.904,-236.39780000000002,0.3375,4,4,5,445,Champions
TT-21070,373,3,284.85400000000004,122.34689999999999,0.05,2,4,2,242,At Risk
TT-21220,340,4,648.4739999999999,155.8023,0.28,2,5,3,253,At Risk
TT-21265,643,1,61.44,16.5888,0.0,1,2,1,121,Lost
TT-21460,224,2,2193.7960000000003,205.00950000000003,0.27999999999999997,3,3,5,335,Loyal
TW-21025,948,2,4278.610000000001,610.3104000000001,0.03333333333333333,1,3,5,135,At Risk
TZ-21580,975,2,1209.276,147.5758,0.12000000000000002,1,3,4,134,At Risk
VB-21745,101,2,674.32,181.2066,0.0,4,3,3,433,Loyal
VD-21670,946,3,4733.23,1442.6969000000001,0.05000000000000001,1,4,5,145,At Risk
VF-21715,97,2,785.164,-120.76559999999999,0.11666666666666665,4,3,3,433,Loyal
VG-21790,97,3,441.804,46.039,0.13333333333333333,4,4,2,442,Champions
VM-21685,155,5,1738.988,458.1479,0.1,4,5,4,454,Champions
VM-21835,218,1,14.82,6.9654,0.0,3,2,1,321,Needs Attention
VP-21730,335,3,993.9019999999999,205.3888,0.04,2,4,4,244,At Risk
VP-21760,1188,3,734.4839999999999,118.2051,0.08,1,4,3,143,At Risk
VS-21820,499,2,274.38599999999997,-79.7941,0.5,2,3,2,232,At Risk
VT-21700,953,2,1736.596,-224.08889999999997,0.3333333333333333,1,3,4,134,At Risk
VW-21775,11,6,3755.732,-1039.1790999999998,0.20833333333333334,5,5,5,555,Champions
WB-21850,2,7,4589.939,460.16810000000004,0.196,5,5,5,555,Champions
XP-21865,64,6,878.482,388.3072,0.04000000000000001,5,5,3,553,Champions
YC-21895,496,3,1587.18,434.3317,0.15000000000000002,2,4,4,244,At Risk
YS-21880,191,4,967.192,182.58319999999998,0.04,3,5,3,353,Loyal
ZC-21910,7,5,3161.2059999999997,-1687.7188,0.24,5,5,5,555,Champions
ZD-21925,7,4,1249.184,223.2533,0.10000000000000002,5,5,4,554,Champions
