region,state,orders,lines,revenue,profit,avg_discount,loss_lines,margin_pct,loss_line_pct
Central,Texas,216,414,77074.8974,-12948.0723,0.36782608695652175,193,-16.799337704989277,46.61835748792271
Central,Illinois,103,184,25906.446,-9088.8567,0.38858695652173914,90,-35.08337924854687,48.91304347826087
East,Pennsylvania,121,243,39213.87,-5796.7856,0.32181069958847736,119,-14.782487930928522,48.97119341563786
South,North Carolina,61,122,30622.279,-4511.5471,0.29508196721311475,36,-14.732891369711574,29.508196721311474
South,Tennessee,33,58,7616.058,-2517.1468,0.3103448275862069,21,-33.050520361058176,36.206896551724135
East,Ohio,85,167,17807.834,-2330.9881,0.3191616766467066,75,-13.089677835047205,44.91017964071856
West,Colorado,27,72,11748.412,-1372.9215000000002,0.2986111111111111,23,-11.686017650725905,31.944444444444443
South,Florida,81,173,34378.952,-1212.823,0.29566473988439307,55,-3.527806781312008,31.791907514450866
West,Oregon,23,49,7745.225,-708.8427,0.3142857142857143,21,-9.151996229935218,42.857142857142854
Central,South Dakota,1,1,25.5,6.63,0.0,0,26.0,0.0
East,District of Columbia,1,1,33.92,13.2288,0.0,0,38.99999999999999,0.0
West,Arizona,38,71,7829.601,16.549400000000027,0.29859154929577464,26,0.21136964706119798,36.61971830985915
West,Wyoming,1,1,1603.136,100.196,0.2,0,6.25,0.0
West,Montana,1,3,410.104,124.94579999999999,0.06666666666666667,0,30.466857187445136,0.0
West,Idaho,5,10,1271.996,251.5552,0.08,0,19.776414391240223,0.0
East,Maine,1,3,617.12,256.9266,0.0,0,41.633166969147005,0.0
Central,Kansas,5,11,1187.6699999999998,296.4503,0.0,0,24.960662473582733,0.0
West,New Mexico,4,4,1003.0600000000001,298.97450000000003,0.0,0,29.80624289673599,0.0
Central,Iowa,8,10,956.64,337.3288,0.0,0,35.261833082455254,0.0
South,South Carolina,7,11,2084.2,358.476,0.0,0,17.19969292774206,0.0
South,Alabama,9,9,1518.3700000000001,418.7022,0.0,0,27.575768752016963,0.0
East,New Hampshire,5,7,1539.23,503.776,0.0,0,32.72909181863659,0.0
South,Louisiana,7,15,2044.56,668.4712,0.0,0,32.695112884923894,0.0
West,Nevada,9,16,5231.8279999999995,894.6301,0.037500000000000006,0,17.099761307137772,0.0
South,Mississippi,6,14,2607.84,953.8096999999999,0.0,0,36.57470166881403,0.0
Central,Nebraska,9,11,3116.67,967.4893000000001,0.0,0,31.04240423272275,0.0
West,Utah,8,19,4257.706,1251.2094,0.06315789473684212,0,29.386937472902073,0.0
Central,Oklahoma,13,28,5631.94,1356.2794,0.0,0,24.081922037521707,0.0
East,Vermont,4,4,6619.879999999999,1596.2219,0.0,0,24.112550378556715,0.0
South,Arkansas,11,24,4461.85,1734.5642,0.0,0,38.87544852471508,0.0
East,Connecticut,18,31,5849.88,1774.2912999999999,0.0,0,30.330387973770396,0.0
Central,Missouri,15,38,6194.68,1880.915,0.0,0,30.363392459336072,0.0
East,New Jersey,22,42,7734.8859999999995,2226.6494,0.007142857142857143,1,28.787100417511,2.380952380952381
East,Maryland,19,43,7912.932,2408.359,0.0069767441860465115,1,30.43573481991252,2.3255813953488373
East,Delaware,18,43,8281.586,2491.9306,0.0069767441860465115,1,30.090016574119986,2.3255813953488373
East,Massachusetts,26,59,13200.635,3310.7207,0.015254237288135592,3,25.080010923716927,5.084745762711864
Central,Minnesota,19,42,11065.4,3640.899,0.0,0,32.90345581723209,0.0
East,Rhode Island,8,16,9736.710000000001,3827.6801,0.0,0,39.31184250121447,0.0
Central,Wisconsin,22,41,17680.54,4294.2255000000005,0.0,0,24.28786394533199,0.0
South,Georgia,31,63,17700.75,5946.0551000000005,0.0,0,33.59210824400096,0.0
South,Kentucky,28,68,19188.99,5947.3433,0.0,0,30.993519200333107,0.0
South,Virginia,51,88,30712.81,7717.4366,0.0,0,25.12774506793745,0.0
Central,Michigan,49,123,28356.621,7978.4161,0.009756097560975611,0,28.135990180212232,0.0
West,Washington,105,214,51614.694,10288.2122,0.07757009345794393,8,19.93271954687942,3.7383177570093458
Central,Indiana,31,59,35832.39,13390.6903,0.0,0,37.3703520753151,0.0
West,California,413,768,180888.3165,30112.8074,0.07643229166666667,46,16.64718207491306,5.989583333333333
East,New York,225,481,127341.022,31192.2409,0.05301455301455302,21,24.495045202322938,4.365904365904366
