category,sub_category,orders,lines,revenue,profit,avg_discount,loss_lines,margin_pct,loss_line_pct
Furniture,Bookcases,83,85,41846.7499,-1214.7896,0.21505882352941177,41,-2.902948503534799,48.23529411764706
Furniture,Chairs,218,229,121031.221,11694.4907,0.16681222707423582,84,9.662375214739013,36.68122270742358
Furniture,Furnishings,351,382,34593.7,3592.3116,0.1481675392670157,71,10.384294250109123,18.586387434554975
Furniture,Tables,127,130,89413.335,-6252.8583,0.2519230769230769,79,-6.993205543669744,60.76923076923077
Office Supplies,Appliances,179,184,38943.023,4255.930600000001,0.1842391304347826,31,10.928608700973216,16.847826086956523
Office Supplies,Art,301,321,12695.684,2902.1264,0.08037383177570094,0,22.859157490057253,0.0
Office Supplies,Binders,517,609,66276.109,4071.2095,0.36354679802955664,235,6.142801020500465,38.58784893267652
Office Supplies,Envelopes,92,92,5472.548,2266.9227,0.08260869565217392,0,41.42353251172946,0.0
Office Supplies,Fasteners,84,85,1195.214,298.2536,0.08941176470588236,6,24.953991502776912,7.0588235294117645
Office Supplies,Labels,146,153,5759.81,2563.504,0.0718954248366013,0,44.50674588224264,0.0
Office Supplies,Paper,465,539,29566.014,12891.5774,0.07272727272727274,0,43.602689899287746,0.0
Office Supplies,Storage,313,340,85641.252,9662.4892,0.07235294117647059,57,11.282517448483823,16.764705882352942
Office Supplies,Supplies,61,61,12795.720000000001,-958.9406,0.10163934426229508,18,-7.494229320429017,29.508196721311474
Technology,Accessories,298,325,67900.544,17528.6903,0.08123076923076923,39,25.815242805713012,12.0
Technology,Copiers,33,33,61239.042,23794.6623,0.15151515151515152,0,38.855379710218195,0.0
Technology,Machines,46,46,82650.217,6679.717,0.3,18,8.081911025109589,39.130434782608695
Technology,Phones,326,360,128439.454,16572.0067,0.15833333333333333,61,12.902582644114947,16.944444444444443
